objectid,parentid,filename,format,type,language,creator,rights,subject,class,title,address,tourSiteNumber,date,modified,hasStylePeriod,architect,location,latitude,longitude,description
coll001,,0100_combined.pdf,compound_object,Text,en,City of Bloomington,Division of Historic Preservation and Archaeology,West Side Historic District tour,Tour Brochure,A Walk Through the West Side Historic District,,,2017,,,,,,,"""When Bloomington was laid out in 1818, the area now known as the West Side Historic District was undeveloped outlots—land reserved for small farming operations by town residents and for future urban expansion. In 1853, tracks for the Louisville, New Albany and Salem Railroad were laid along what is now Morton Street. Industrial growth centered around the railroad began with early businesses including Seward and Sons Foundry, Thomas Hardesty carding mill, McChum’s grist mill, and Major Hite’s steam flour mill. During this period residential development was minimal, consisting mainly of 18 large tracts of land owned by prominent citizens. Federal, Greek Revival and Italianate styled I-houses were a predominant house type with excellent examples still present.

As the 19th century progressed the west side experienced increased growth. After a devastating fire in 1884, the Showers Brothers Company relocated from the east side of town to a site on the west side along the railroad tracks. The significant history of the West Side also reflects the migration of African Americans to the Westside of Bloomington where they were encouraged to purchase homes and to be close to the Showers factory, of one of the few companies that employed blacks. Other industries of that growth era were: Dolan Tierman Stave Factory, Field Glove, Bloomington Basket Company, Nurre  Mirror Company, Central Oolitic Stone Saw Mill, and Hoadley Stone Company. The area continued to be integrated, however it became familiar as the home of Bloomington’s go African American community and the location of its most important landmarks. Second Baptist Church, Bethel A.M.E. Church and the Banneker School are outstanding in both the quality of their design and materials. A few wealthy citizens and middle class businessmen built imposing homes along Kirkwood east of Maple, but this was not the residential trend. Instead, smaller lots were platted for denser neighborhoods on which simply designed vernacular houses were built for the West Side’s rapidly expanding workforce. Pyramidal roof, shot-gun, and gabled-ell house forms with Queen Anne or Free Classic detailing—often available through catalogs and pattern books—were common throughout the neighborhood during the turn of the century and many examples are still visible. The established nature of this community is also reflected in the landmark limestone buildings that remain.

Other buildings in the West Side reflect the city’s change from horse drawn to automobile transportation in the decade of the 1920’s. Car dealerships, garages, and motor specialty businesses were built close to downtown and reflect the industrial architecture of the period: brick construction with steel windows, stepped parapets and vaulted roofs. Residences of the early decades of the 20"""" century also reflect the predominant types of the period, the bungalow and foursquare with Craftsman detailing.

The period from 1900-1918 is known as the “Bloomington Renaissance.” These years of growth and prosperity established the physical character of the city as it is seen today. Businesses of the West Side figured prominently in this era. Annually approximately $2 million in products and $3 million in limestone were exported, and $1 million came into the city through Indiana University. The heart of the West Side district was undoubtedly the Showers Brother’s Furniture Factory, the largest single furniture factory in the United States by 1912. Showers Brothers Company was also known for its unique scope of influence in furniture design and innovation, in its progressive stance on minority employment, and in the overall growth of the City of Bloomington.

During the 1990s, the West Side began experiencing a new type of growth. The restoration and reuse of large industrial buildings began with conversion of Showers Brother’s Plant #1 into elegant office space and City Hall. The residential area also experienced revitalization by various public and private entities. Funding for these projects came from a variety of sources including federal tax credits, local tax abatement, CDBG funds, private investment, and other local programs benefiting owners of historic homes. The result has been an increase in homeownership and revitalization of the neighborhood’s sense of community.

Today the Near West Side of Bloomington remains a racially diverse, family oriented neighborhood with minimal alterations to its historic homes and commercial buildings. It is listed on the National Register of Historic Places and is the largest area so designated in the city. Fairview Historic District, the boundaries of which are within the West Side Historic District, is a Bloomington local Historic District. Buildings that are individually listed are noted by NR (National Register) and LD (Locally Designated) in the site list. More information on the West Side, and copies of the National Register nominations, are available in the Indiana Room of the Monroe County Public Library.

* The walking tour is at least 2 hours on slightly hilly terrain.

This brochure has been funded in part by a U.S. Department of the Interior, National Park Service Historic Preservation Fund grant and administered by the Indiana Department of Natural Resources, Division of Historic Preservation and Archaeology. This program has received federal assistance for the identification, protection, and/or rehabilitation of historic properties and cultural resources in the State of Indiana. Under Title VI of the Civil Rights Act of 1964 and Section 504 of the Rehabilitation Act of 1973, the U.S. Department of the Interior prohibits discrimination on the basis of race, color, national origin, or disability in its federally assisted programs.

If you believe that you have been discriminated against in any program, activity, or facility as described above, or if you desire further information, please write to: Office of Equal Opportunity, U.S. Department of the Interior, Washington, D.C. 20240.

The activity that is the subject of the brochure has been financed in part with federal funds from the U.S. Department of the Interior, National Parks Service. However, the contents and opinions contained in this publication do not necessarily reflect the views or policies of the Department of the Interior, nor does the mention of trade names or commercial products constitute endorsement or recommendation by the U.S. Department of the Interior.

In Appreciation:

Research for this project was originally funded in part by a Department of the Interior grant administered by the Division of Historic Preservation and Archaeology, Indiana Department of Natural Resources.

Financial support for this publication was provided by the Department of Housing and Neighborhood Development, City of Bloomington.

Assistance was provided by Danielle Bachant-Bell and Nancy Hiestand.

Many thanks for the historic photographs of E. Bridgwaters’ collection and William H. Mathers Museum.

The buildings shown here are representative and not intended to be an exhaustive list of historic resources in the district.
"""
coll002,coll001,0101.png,image/png,Image;StillImage,,,,,Industrial building,Showers Brothers Co. Furniture Showroom,531 North Morton Street,1,1920,,,,West Side Historic District,39.17128872,-86.53644006,"One of four remaining buildings from the Showers Brothers Company complex, the L shaped former showroom and research laboratory is constructed of variegated red brick. It displays a pilastered façade with simple limestone detailing, a raised rusticated basement, and a stepped parapet roof typical of commercial buildings of the period. The building immediately to the north (601 N. Morton, c. 1915) housed the company’s administrative offices. Although similar in appearance, it displays more ornate and classical limestone pilasters and parapet details."
coll003,coll001,0102.png,image/png,Image;StillImage,,,,,Factory,Showers Brothers Co. Furniture Factory,401 North Morton Street,2,1910,1923,,,West Side Historic District,39.17033417,-86.53696377,"With nearly 200,000 square feet, this is the largest remaining historic industrial building in the city. At the height of the company’s operation the complex consisted of two large factory buildings with over a dozen smaller supporting structures. Known as Plant No. 1, the factory was constructed in a polygonal plan to conform to the railroad tracks running on both its east and west sides. The red brick building displays a distinctive sawtooth roof with north-facing skylights and repetitive bays. A major rehabilitation project in 1994-1996 allowed its adaptive re-use as City Hall. Across the street at 416-420 N. Morton (c. 1927), is the Smallwood Pike building. It housed the Smallwood Restaurant (1927-28), Record Hatchery (1929-35), and Charles Pike Lumber Company (1930-56)."
coll004,coll001,0103.png,image/png,Image;StillImage,,,,,Railway station,Illinois Central Railroad Freight Depot,301 North Morton Street,3,1906,,,,West Side Historic District,39.16884538,-86.53632805,"To spur development in the area, local government provided an $85,000 subsidy for rail line construction along what is now Morton Street. The depot was built in the most architecturally functional way to serve the burgeoning limestone, furniture and lumber companies nearby. A second floor on the south side was added in 1922, but in 1959, fifty-four feet of freight space was demolished from the north side. In 1963 the building was removed from rail service. At 214 W. 7th is the 1922 Curry Buick Building, used as a Buick dealership until 1971. The building at 300 W. 7th (1915) originally housed Bloomington Wholesale Foods."
coll005,coll001,0104.png,image/png,Image;StillImage,,,,,Factory,Johnson's Creamery,400 West 7th Street,4,1913,1925,,,West Side Historic District,39.16883898,-86.53765725,"Ward and Ellis Johnson bought out the Bloomington Creamery in 1913. Shortly thereafter the oldest part of this brick factory building was built at the east end. By 1925 the space had quadrupled. The three-story, windowless, cork-lined icehouse was built during the rapid expansion of the 1920s. The newest part of the building dates from the 1950’s. Its adaptive re-use retained the 120 foot smokestack and two large compressors."
coll006,coll001,0105.png,image/png,Image;StillImage,,,,,Church building,Bethel A.M.E. Church,302 North Rogers Street,5,1921,,Craftsman (style),John L. Nichols,West Side Historic District,39.1687985,-86.5383283,"Bloomington’s first architect, John Nichols, designed this Arts and Crafts style limestone building for the second location of Bethel African Methodist Episcopal congregation, founded in 1870. Member Mattie Jacobs Fuller raised over $13,000 dollars toward the building fund by playing gospels hymns and spirituals on her portable organ every Saturday afternoon on the square. Pointed arch window openings, stained glass and multi-paned windows, and an ashlar limestone and pilastered façade distinguish this unique religious structure."
coll007,coll001,0106.png,image/png,Image;StillImage,,,,,I-house,[no title],221 North Rogers Street,6,1860,,,,West Side Historic District,39.16844703,-86.53890463,"This is one of the few mid-19th century frame houses remaining in Bloomington. It has served as a Civil War hospital, a nursing home, boarding house and possibly a roadhouse. An unusually long I-house with rear wing, gable-end chimney and stone foundation, it retains much of its original appearance despite the addition of aluminum siding."
coll008,coll001,0107.png,image/png,Image;StillImage,,,,,I-house,John East House,417 West 6th Street,7,1863,,Federal; Greek Revival,,West Side Historic District,39.1674018,-86.5382385,"Also known as Brakefield, this house was built as a parsonage for First Methodist Church. It was later owned by John R. East, lawyer, Civil War veteran and author of Captain Wallop and The Great Monon Express Robbery. This brick two-thirds I-house shows the beginning of the transitional building period on the west side. It features elaborate bracketing on the front porch and handsome glass-work around the front door."
coll009,coll001,0108.png,image/png,Image;StillImage,,,,,Automobile repair shop,Bloomington Garage,316 West 6th Street,8,1925,,,,West Side Historic District,39.16783353,-86.53716121,"This building was first used for car repair and service and later as a Chrysler Plymouth dealership. Its brick masonry, stepped parapet and open bowstring truss are typical period elements of auto-related architecture. To the east, at 300 W. 6th, was the site of Hays Market, a local grocery serving the west side from the 1940s until the late 1990s."
coll010,coll001,0109.png,image/png,Image;StillImage,,,,,House,Batman House,403 West Kirkwood Avenue,9,1895,,Romanesque Revival; Queen Anne Revival,John Nichols,West Side Historic District,39.16636127,-86.53770427,"Designed by Bloomington architect John Nichols, this mansion was built by John Waldron for his daughter at the corner of his tannery site. She married Judge Ira Batman, a prominent attorney, judge and First National Bank official. The house is the sole residential example of grand proportion use of limestone in the district. Its rich variety of textures and forms display elements of the Second Empire, Queen Anne and Romanesque Revival styles."
coll011,coll001,0110.png,image/png,Image;StillImage,,,,,Automobile repair shop,Frosted Food Building,213 South Rogers Street,10,1927,,,,West Side Historic District,39.16502897,-86.53833943,"Originally built to house a sheet metal and auto repair shop, the building is characteristic of early twentieth century industrial construction. The steel sash ventilator windows and metal bowstring truss roof provide interesting space for adaptive reuse as a retail center. The similar brick building to the north, the Fell Building (c. 1930), was also built for the auto industry and displays similar architectural features. The brick building across Rogers Street was the location of Roy Burns Market (1934), one of several small grocery stores that once dotted the district. To the northwest, at 505-511 W. 4th, is the 1934 City Garage."
coll012,coll001,0111.png,image/png,Image;StillImage,,,,,Gabled-ell,Graves-Morrison House,608 West Kirkwood Avenue,11,1885,,Queen Anne Revival,,West Side Historic District,39.16684621,-86.54029107,"Built for the Graves Family, this two-story gabled-ell has a rich variety of Queen Anne detailing. The two-story projecting bay has its own bracketed gable. Decorative scrollwork adorns the wrap-around porch and a small second story porch has its own gable. The Morrison family, only the second owners of the house, restored it in 1990. The building to the east, at 514 W. Kirkwood, was originally an unadorned I-house. It was transformed c.1895 into the Queen Anne style with a round corner tower, two-story veranda with delicate paired columns and spindle work, and decorative shingling in the gables."
coll013,coll001,0112.png,image/png,Image;StillImage,,,,,I-house,Hendrix House,726 West 6th Street,12,1875,,Greek Revival,,West Side Historic District,39.16781637,-86.54199271,"Built for Hannah Hendrix before the surrounding area was platted, this farmhouse is an example of an I-house with rear additions. Notice the two-story front porch, the flush chimneys and the cornice entablature. Originally a single-family dwelling, it has been an apartment house since the early 1900’s."
coll014,coll001,0113.png,image/png,Image;StillImage,,,,,Church,Fairview Methodist Church,606 West 6th Street,13,1922,,Gothic Revival,,West Side Historic District,39.16797485,-86.54022838,"Founded in 1895, the congregation relocated to this site when fire destroyed its 1914 building. Built in the Gothic Revival style, this brick building is enhanced with limestone trim and opalescent glass windows. To the west at 615 W. 6th, the Queen Anne-styling of this late 19th century brick house is indicated by the decorative shingling in the multiple gables and the irregular floor plan. Note the etched glass window and the round-arched brick lintels. Next door at 621 W. 6th, this c. 1890 brick Queen Anne cottage features a hipped roof with gables, tall chimneys, arched brick lintels, and plain returns. North of the church on the corner of Jackson and 7th (523 W. 7th), is a c. 1880 central passage home with a cross gabled porch, decorative shingle work, and bay windows."
coll015,coll001,0114.png,image/png,Image;StillImage,,,,,Carpenter builder house,Griffin House,621 West 7th Street,14,1898,,Queen Anne Revival,,West Side Historic District,39.1684612,-86.54071745,"Built by Lafayette Mayfield, the Griffin family occupied it for 44 years. The family owned Quality Hardware Store and Mrs. Griffin was a founding member of the Fairview PTA. Its typical Queen Anne detailing features multiple gables, turned porch posts and a decorative spindle frieze. Immediately to the west, at 625 W. 7th, is a c. 1925 side gable bungalow with a rock-faced limestone porch. This house type is representative of the later construction era of the neighborhood."
coll016,coll001,0115.png,image/png,Image;StillImage,,,,,Gabled-ell,Flanigan House,714 West 7th Street,15,1895,,Queen Anne Revival,,West Side Historic District,39.16883596,-86.54182549,"One of this home’s earliest occupants was J.W. Faris whose family still maintains a grocery store near the courthouse square. It was later owned by the Rev. Adamson, minister of the Church of Christ, and in the 1930s was occupied by the Ringlette Shop, one of the many beauty parlors in the neighborhood. This two story gabled-ell has decorative gable shingles, corner brackets and turned porch posts with a decorative spindle frieze. The Sweeney House (1932) passed at 702 W. 7th is one of the few American Foursquare homes in the neighborhood, another type representative of the later era. Relatively affordable and often built as a kit home, it doubled the square footage of the bungalow."
coll017,coll001,0116.png,image/png,Image;StillImage,,,,,Shotgun house,[no title],904 West 7th Street,16,1900,,,,West Side Historic District,39.16881614,-86.54398279,"This single story, frame shotgun is one room wide with a gabled wing. Its history reportedly includes use as a neighborhood restaurant. Additional examples of the shotgun house can be viewed along N. Adams Street. The gabled-ell cottage at 902 W. 7th features a hipped roof and multiple gables of the Queen Anne period."
coll018,coll001,0117.png,image/png,Image;StillImage,,,,,School building,The Banneker School,930 West 7th Street,17,1915,,Beaux-Arts (style),Edwin C. Doeppers,West Side Historic District,39.16894716,-86.54505393,"Surrounded by a Works Progress Administration (WPA) limestone wall, the Banneker was substantially built of dressed limestone that modestly recalls the Beaux Arts style. From 1915 until 1954, the Banneker served as a segregated grade school. The City of Bloomington now uses it as a community center. Further west on 7th Street, visited either on foot or by vehicle, is the White Oak Cemetery. Originally named United Presbyterian Cemetery for the church once located on the site, burials date prior to 1876 and include locally prominent names such as Fee, Wylie, Bryan, Gourley, Woodburn and Henderson."
coll019,coll001,0118.png,image/png,Image;StillImage,,,,,Retaining wall,[no title],722 West 8th Street,18,1930,,,,West Side Historic District,39.1697542,-86.54202333,"The WPA constructed several limestone retaining walls in the neighborhood. This example is the rock-faced block while others display “found” slabs and rubble face block. Hexagonal tile walks in the neighborhood are also WPA projects. The homes to the west are additional examples of typical late19th century house types, the gabled-ell (across the street at 715 W. 8th) and the pyramidal roof cottage (to the west at 802 W. 8th)."
coll020,coll001,0119.png,image/png,Image;StillImage,,,,,I-house,Elias Abel House,317 North Fairview Street,19,1850,,Federal; Greek Revival,,West Side Historic District,39.16927609,-86.54144805,"Elias Abel, county treasurer and state legislator, bought the lot in 1845 and built this house sometime before selling the property in 1856. Built in the Greek Revival style, originally with a “fair view of the courthouse”, it may well be the finest frame example of the central hall I-house in Bloomington. The low-pitched roof is supported by a decorative frieze with boxed returns on the gable ends; Doric pilasters are on both front corners and the open porch (a restoration) echoes the Greek columns and decorated frieze found on the eaves and gables. Further east at 627 W. 8th is Fairview Public School. The present main building (1953) replaced the original 1892 Romanesque Revival structure. The WPA brick annex was built in 1928."
coll021,coll001,0120.png,image/png,Image;StillImage,,,,,I-house,Cochran-Helton-Lindley House,405 North Rogers Street,20,1850,,Greek Revival; Italianate (architectural style),,West Side Historic District,39.16980139,-86.53908026,"Built in 1850 by James Cochran, a prosperous miller, liquor merchant, cabinetmaker and landowner, this imposing brick I-house was restored in the 1970’s. During the 19th century the house was owned by prominent Bloomington citizens including Andrew Helton, Samuel Buskirk and Hiram Lindley. Architectural features include Italianate paired eave brackets, a front portico with paired limestone columns and a paneled front door with transom and sidelights."
coll022,coll001,0121.png,image/png,Image;StillImage,,,,,Church building,Second Baptist Church,321 North Rogers Street,21,1913,,Romanesque Revival,Samuel Plato,West Side Historic District,39.1693944,-86.53904914,"The Second Baptist congregation was established in Bloomington in 1872. Samuel Plato, a black architect from Louisville, designed this church according to the Akron plan: a square sanctuary with semi-circular seating. Plato was later employed by the federal government and designed many post offices and federal buildings. Here the limestone veneer façade has large gables, a square bell tower and stained glass windows. The cornerstone inscription reads: “Second Baptist Church/ 1913/ Please respect the privacy of the owners by Rev. M.M. Porter, Pastor.”"
coll023,,0200_combined.pdf,compound_object,Text,en,City of Bloomington,Division of Historic Preservation and Archaeology,Courthouse Square Historic District tour,Tour Brochure,A Walk Through the Courthouse Square Historic District,,,2017,,,,,,,"In 1818 the county agent was ordered to lay out a public square 276 feet on each side with streets 82 1/2 feet wide. The original town stretched four blocks east and west of the square and two blocks north and south. Streets immediately surrounding the square were then named, quite logically, West Main (now College), East Main (Walnut), North Main (Sixth), and South Main (Kirkwood). Laid out in what is now known as the “Shelbyville Plan,” cross streets intersect at the corners of the square. A small log structure was the first of three courthouses built in the center of the square; the final and present courthouse has been standing since 1907. The lots surrounding the square were sold at public auction on June 22, 1818. By the following January, thirty families had taken up residence and established stores, taverns, and industries.

Early businesses supported only the local agricultural and daily needs of the community. The Seward Foundry, an early blacksmith shop that started in 1822 at 7 and Walnut, continued operation until the 1980°s. Austin Seward is known for creating the fish weathervane that has topped every courthouse since 1826. Tanneries, lumber, woolen and grist mills, and distilleries were other early businesses. As stagecoach routes, canals, rail lines and highways were established through the years, industries flourished and markets expanded as trade possibilities to and from Bloomington increased. The Showers Brothers Furniture Factory was originally founded on the eastside of the square as a coffin and bedstead manufacturer in 1856. By 1912 it had grown into the largest furniture factory in the world, relocating to a new building at 8"" and Morton Street now reused as City Hall. Wick’s Bee Hive, a department store operating from 1891 to1976, took up various posts along the North side of the square during its long existence. Faris’ Market, started in 1923 and located on North Walnut, is the only store left from a time when grocers, meat markets, bakeries, five-and-dimes. department stores, and other commercial services lined the square to supply local residents.

Many hotels also opened in the downtown area with construction of a new passenger rail station on Gentry Street. Although now reused, the Bundy European Hotel and the Faulkner Hotel still stand, along with the grandest of them, the Graham. Through the years downtown became a center for entertainment with festivities revolving around rough saloons, Masonic ceremonies, restaurants, plays or recitations in various auditoriums. and eventually, movie theatres. The tradition continues today with many live music venues, bars. restaurants, specialty shops, and annual events creating the public downtown experience.

In 1984, the Commission for Bloomington Downtown (now Downtown Bloomington Commission) was incorporated with the mission to revitalize downtown. Its highest priority was “preservation of the integrity and uniqueness of the square. one of the few substantially unaltered, turn-of-the-century squares remaining in Indiana.” In 1986, the Commission became a certified National Main Street organization and the city a graduate partner in the Indiana Main Street program. Incorporating the Main Street program’s four-point approach of organization. promotion, design, and economic restructuring, revitalization conferences were held, similar programs in other cities were examined, zoning was modified to encourage downtown housing, and a director was hired. Local funding initiative programs for revitalization and restoration were also established including Curb and Sidewalk, Street Tree, Downtown Loan, Fagade Design, and Tax Abatement. Over $40 million in public and private investments were made in downtown as the city’s historic buildings were restored, reused and redeveloped.

One of the earliest local tax abatement projects involved the Graham Hotel, redeveloped as office space in 1984 by CFC, Inc. Federal historic tax credit projects redeveloped the Fee. Sudbury and Wicks Buildings, Vance Music Building, Howe Building, Hare Motors Sales Co. Building, Allen Building, the Knights of Pythias Building, and the Princess and Buskirk-Chumley/ Indiana Theaters. The largest single project.-again taken on by CFC, Inc., was reuse of all buildings on the south side of the square facing Kirkwood Street. As the buildings were found unstable. the facades were retained while the interior structures were rebuilt as one unit. Now a collection of shops and offices in a mall format, the building is collectively called Fountain Square Mall.

The Courthouse Square Historic District was listed on the National Register of Historic Places in December 1990. Four buildings within the district are individually listed on the National Register—the courthouse, the Princess Theatre, the Wicks Building, and the old City Hall. More information on the Courthouse Square and a copy of the National Register nomination is available in the Indiana Room of the Monroe County Public Library.

This brochure has been funded in part by a U.S. Department of the Interior, National Park Service Historic Preservation Fund grant and administered by the Indiana Department of Natural Resources. Division of Historic Preservation and Archaeology. This program has received federal assistance for the identification, protection, and/or rehabilitation of historic properties and cultural resources in the State of Indiana. Under Title VI of the Civil Rights Act of 1964 and Section 504 of the Rehabilitation Act of 1973. the U.S. Department of the Interior prohibits discrimination on the basis of race, color, national origin, or disability in its federally assisted programs.

If you believe that you have been discriminated against in any program. activity, or facility as described above. or if you desire further information, please write to: Office of Equal Opportunity, U.S. Department of the Interior, Washington, D.C. 20240.

The activity that is the subject of the brochure has been financed in part with federal funds from the U.S. Department of the Interior, National Parks Service. However, the contents and opinions contained in this publication do not necessarily reflect the views or policies of the Department of the Interior, nor does the mention of trade names or commercial products consttute endorsement or recommendation by the U.S. Department of the Interior.

Research for this project was originally funded in part by a Department of the Interior grant administered by the Division of Historic Preservation and Archaeology, Indiana Department of Natural Resources.

Financial support for this publication was provided by the Department of Housing and Neighborhood Development, City of Bloomington.

Assistance was provided by Danielle Bachant-Bell, Cynthia Brubaker, Bradley Cook, Talisha Coppock, Nancy Hiestand, Tom Kavanagh, Leslie Noggle, and Steve Wyatt.

Many thanks for the photographic services of: William Hammond Mathers Museum and Indiana University Archives.

Additional archival information was gathered at: Bloomington Restorations, Inc.

* - indicates use of historic photo

The buildings shown here are representative and are not intended to be an exhaustive list of historic resources in the district."
coll024,coll023,0201.png,image/png,Image;StillImage,,,,,Commercial building,Waldron Block,100 West 6th Street,1,1867,,,,Courthouse Square Historic District,39.16785055,-86.53373514,"Pictured as it appeared in the 1930’s, this building once housed Joe Natale’s “Dixie Market.”Natale’s market moved from an open stand near the Harris Grand Theater, and took its name from the highway that ran through the city from Florida to Canada. The Central Union Phone exchange was once located on the second floor. Today, only the rounded hood molds on the east side of the building reflect its Italianate styling."
coll025,coll023,0202.png,image/png,Image;StillImage,,,,,Commercial building,Vance Music Building,112 West 6th Street,2,1910,,Beaux-Arts (style),,Courthouse Square Historic District,39.16786796,-86.53424879,"One of the stateliest neoclassical retail buildings on the square, the Vance Building was recently uncovered after being obscured by a large painted billboard for many years. Once considered part of the “Wicks Block” it housed the eastern section of the “Wicks BeeHive” an early locally owned department store. Later, it was occupied by Clayton’s Cigar Store, The Rendezvous Café, Dixie Liquors, and a series of furniture stores, one of which a former mayor of Bloomington owned: “The Buck Lemon Furniture Store.”"
coll026,coll023,0203.png,image/png,Image;StillImage,,,,,Commercial building,Fee Building,122 West 6th Street,3a,1853,,,,Courthouse Square Historic District,39.16778249,-86.53464836,"Drygoods and department stores have operated at the corner of 6th and College since the 1850’s. A perennial local favorite, the “Wicks Beehive” store located at 116 was remodeled in 1926, with Bloomington’s only Chicago commercial style façade. The limestone façade features wrought iron spandrels and fluted piers and covers two original buildings. The brick Sudbury Building once housed the Kappa Alphi Phi fraternity where Hoagy Carmichael and his friends gathered to play informally."
coll027,coll023,0203.png,image/png,Image;StillImage,,,,,Commercial building,Sudbury Building,118 West 6th Street,3b,1873,,Italianate (architectural style),,Courthouse Square Historic District,39.16778578,-86.53454088,"Drygoods and department stores have operated at the corner of 6th and College since the 1850’s. A perennial local favorite, the “Wicks Beehive” store located at 116 was remodeled in 1926, with Bloomington’s only Chicago commercial style façade. The limestone façade features wrought iron spandrels and fluted piers and covers two original buildings. The brick Sudbury Building once housed the Kappa Alphi Phi fraternity where Hoagy Carmichael and his friends gathered to play informally."
coll028,coll023,0203.png,image/png,Image;StillImage,,,,,Commercial building,Wicks Building,116 West 6th Street,3c,1891,1921,Chicago School,,Courthouse Square Historic District,39.16786951,-86.53440536,"Drygoods and department stores have operated at the corner of 6th and College since the 1850’s. A perennial local favorite, the “Wicks Beehive” store located at 116 was remodeled in 1926, with Bloomington’s only Chicago commercial style façade. The limestone façade features wrought iron spandrels and fluted piers and covers two original buildings. The brick Sudbury Building once housed the Kappa Alphi Phi fraternity where Hoagy Carmichael and his friends gathered to play informally."
coll029,coll023,0204.png,image/png,Image;StillImage,,,,,Post office building,Old Post Office,119 West 7th Street,4,1915,,Beaux-Arts (style),,Courthouse Square Historic District,39.16830555,-86.53450388,"One of several local Beaux-Arts style civic buildings built in the second decade of the twentieth century. Characteristic Beaux Arts decorations such as car- touche and garlands surround the main entrance, which once faced College Ave. The building was remodeled in 1989 and replacement windows and a standing seam metal roof were added."
coll030,coll023,0205.png,image/png,Image;StillImage,,,,,Commercial building,Masonic Temple,120 West 7th Street,5,1915,,Beaux-Arts (style); 	Egyptian Revival,,Courthouse Square Historic District,39.16890727,-86.53445615,"Beaux-Arts in symmetry but Egyptian Revival in detail, this large civic building has a stepped pyramidal roof with an unusual ornate urn at its pinnacle. In 1985 several windows were cut into the façade of this once fortress-like masonic building."
coll031,coll023,0206.png,image/png,Image;StillImage,,,,,Commercial building,Graham Hotel Building,201-205 North College Avenue,6,1929,,Beaux-Arts (style),,Courthouse Square Historic District,39.16774432,-86.53511494,"Three hotels have occupied the corner of College and 6th since 1895, the Gentry, the Bowles and in 1929, the Graham Hotel. Built by a prominent 1920’s entrepreneur, who also owned the auto dealership now used as the convention center, the Graham hosted many celebrities through the years, including Gloria Swanson, Jeanette MacDonald and Bette Davis, and was the site of many important local soirees and celebrations."
coll032,coll023,0207.png,image/png,Image;StillImage,,,,,Commercial building,Howe Building,123-125 North College Avenue,7,1893,,Italianate (architectural style),,Courthouse Square Historic District,39.16736732,-86.5352106,"Perhaps Bloomington’s finest pressed metal trim decorates this building. An Eastlake influence is seen in the sunburst frieze and heavy scrolled window hoods. A restoration in 1996 guided by the Secretary of the Interior’s Standards, removed a large sign that once obscured the storefront."
coll033,coll023,0208.png,image/png,Image;StillImage,,,,,Commercial building,J.C. Penney Building,115 North College Avenue,8,1931,,Art Deco,,Courthouse Square Historic District,39.16725142,-86.5352671,"This art deco façade covers three earlier brick buildings that are clearly visible from the rear. On the inside a pressed tin ceiling from this earlier era remains. A leaded clerestory tops the store front windows. Now a collection of shops and offices in a mall format, the building is called the Uptown Plaza."
coll034,coll023,0209.png,image/png,Image;StillImage,,,,,Commercial building,Kresge Building,101 North College Avenue,9,1915,1930,Federal,,Courthouse Square Historic District,39.16674186,-86.53507732,"Built as part of a chain of 5 and 10 cent stores popular in the early Twentieth Century, this classical revival storefront retains much of its original integrity. The College Avenue façade is bracketed by fluted pilasters topped by urns and crossed by a course of block modillions."
coll035,coll023,0210.png,image/png,Image;StillImage,,,,,Commercial building,Bundy European Hotel,214-216 West Kirkwood Avenue,10,1890,,Italianate (architectural style),,Courthouse Square Historic District,39.16687137,-86.53568792,"The first known occupancy of this building was the Bundy European Hotel. Located a block east of the Monon passenger station, a series of taverns and boarding house tenants occupied this site. The building features a cast iron front and a pressed metal cornice. The east side of the building was once called the “Theatorium,” a nickelodeon that showed movies."
coll036,coll023,0211.png,image/png,Image;StillImage,,,,,Commercial building,Benckart Building,112-114 South College Avenue,11,1890,,Italianate (architectural style),,Courthouse Square Historic District,39.16605639,-86.5351104,"In 1878 George W. Benckart bought the Orchard Inn on this site and continued a bakery business already established. In October of 1888, the entire half block south of the alley burned down. The Benckart bakery business rebuilt on this site and its old brick oven is still intact."
coll037,coll023,0212.png,image/png,Image;StillImage,,,,,Commercial building,"Hare Motor Sales Co.
Building",212-214 West 4th Street,12,1929,,Federal,,Courthouse Square Historic District,39.16572848,-86.53533272,"Various businesses have occupied the site, which began as a Harness Shop and Shoe Repair in 1909. In 1929, a unified limestone façade joined two separate ca. 1890 buildings into the Hare Motor Sales Co. Clyde W. Hare sold Packards in this new limestone and brick storefront until 1934."
coll038,coll023,0213.png,image/png,Image;StillImage,,,,,Commercial building,Old First National Bank,121-125 West Kirkwood Avenue,13,1907,,Federal,John Nichols,Courthouse Square Historic District,39.16642813,-86.53511175,"This Classical Revival corner building was designed by John Nichols in a tour de force of limestone ornamentation including classical pilasters, dentils, modillions and rockfaced and dressed limestone courses. First National Bank located on this site in 1871 and built the current building in 1907. As part of the extensive work done on the south side of the square by CFC, it was restored in 1987."
coll039,coll023,0214.png,image/png,Image;StillImage,,,,,Commercial building,"Buskirk Hill/Kahn
Building",112-114 West Kirkwood Avenue,14,1895,,Queen Anne Revival,,Courthouse Square Historic District,39.16637762,-86.53425679,"Kahn’s Clothing Store was one of the longest operating businesses in the downtown. Founded by Moses Kahn in 1866, it remained in operation until 1985. In 1898 the Knights of Pythias and the Rathbone Sisters moved into the third floor of this building and named it “Castle Hall.” The eclectic style with its projecting stacked bay windows, shaped shingles and curvilinear parapet is distinctive."
coll040,coll023,0215.png,image/png,Image;StillImage,,,,,Commercial building,Mendelssohn Hall,103-105 West Kirkwood Avenue,15,1868,1915,,,Courthouse Square Historic District,39.16635717,-86.53394361,"The Old Opera House is undoubtedly the oldest building on the south side of the square and has an illustrious past. Originally built with a large 2nd floor room boasting 18 foot ceilings, the Showers and Hendrix Furniture and Casket Company used the area as a showroom until 1872. Shortly thereafter, the Mendelssohn Society brought many shows to this location, including one featuring James Whitcomb Riley. H.B. Gentry opened his circus career, the Dog and Pony Show, at the Opera House in 1887 then went on to head the world famous Gentry Brothers Circus."
coll041,coll023,0216.png,image/png,Image;StillImage,,,,,Public building,Old City Hall,122 South Walnut Street,16,1915,,Beaux-Arts (style),,Courthouse Square Historic District,39.16587572,-86.53394296,"The 1915 Bloomington City Hall was the city’s first and only building built to house the municipal government. It also conjoined the police and fire departments within the same structure. City Hall was designed in the beaux-arts style that had become very popular in institutional construction of the early twentieth century. In 1992, the building was restored for its new use, the John Waldron Arts Center."
coll042,coll023,0217.png,image/png,Image;StillImage,,,,,Commercial building,Allen Building,102-104 East Kirkwood Avenue,17,1907,,Queen Anne Revival; Federal,John Nichols,Courthouse Square Historic District,39.16637337,-86.53320196,"The Bloomington National Bank was the first to occupy the Allen Building, which has had a variety of retail and office uses through the years. A mixture of commercial styles it shows the influence of both Queen Anne and Classical Revival styles in its complex massing, dentilled cornice, Ionic pilasters and pedimented gables. Original
leaded clerestories and pressed tin ceilings are still visible at the Uptown Café, which has become a noted watering hole for Bloomington’s movers and shakers."
coll043,coll023,0218.png,image/png,Image;StillImage,,,,,Commercial building,Odd Fellows Hall,108-110 East Kirkwood Avenue,18,1913,,Craftsman (style),,Courthouse Square Historic District,39.16630514,-86.53300715,"In many ways a typical masonic building, Odd Fellows Hall was originally built to serve a bakery use. The grain was stored on the second floor with the ovens in the basement. Later used by the Odd Fellows, the large rooms used for ceremony are still evident."
coll044,coll023,0219.png,image/png,Image;StillImage,,,,,Commercial building,"Buskirk-Chumley
Theater",112 East Kirkwood Avenue,19,1922,,Spanish Eclectic Style,,Courthouse Square Historic District,39.16644652,-86.53290437,"Harry and Nova Vonderschmitt built the former Indiana Theatre for the cinema. Reflecting, as it did, the exotic appeal of the heyday of American movies, the theater is an eclectic mix of Spanish and Classical Revival styles. The memory of Hoagy Carmichael is also linked with the old Indiana. Substantial community effort led to its restoration and reuse by the city. It is now a performing arts venue."
coll045,coll023,0220.png,image/png,Image;StillImage,,,,,Commercial building,"Old Monroe County
State Bank",100 North Walnut Street,20,1888,1919,Italianate (architectural style),,Courthouse Square Historic District,39.16675473,-86.53322011,"Originally a drygoods store, this Italianate brick building was upgraded with a neoclassical limestone facade in order to house a bank. With its Eastlake style window hoods and pressed metal cornice, the building has good original integrity. The Book Corner is its long-term tenant."
coll046,coll023,0221.png,image/png,Image;StillImage,,,,,Commercial building,Knights of Phythias,116 North Walnut Street,21a,1904,,Free Classic Queen Anne style,John Nichols,Courthouse Square Historic District,39.16720358,-86.53342641,"John Nichols designed the Knights of Pythias Building in a classical revival style. Recently restored and converted into apartments, the building’s large masonic rooms were subdivided for residential use. Alfred Grindle redesigned the façade of The Vogue in an eclectic Spanish colonial style that features mosaic tiles set into stucco, wrought iron balconies and a barrel tile roof."
coll047,coll024,0221.png,image/png,Image;StillImage,,,,,Commercial building,“The Vogue”,120 North Walnut Street,21b,1923,,Spanish Colonial Revival,Alfred Grindle,Courthouse Square Historic District,39.16731088,-86.5332917,"John Nichols designed the Knights of Pythias Building in a classical revival style. Recently restored and converted into apartments, the building’s large masonic rooms were subdivided for residential use. Alfred Grindle redesigned the façade of The Vogue in an eclectic Spanish colonial style that features mosaic tiles set into stucco, wrought iron balconies and a barrel tile roof."
coll048,coll023,0222.png,image/png,Image;StillImage,,,,,Commercial building,Faulkner Hotel,124 North Walnut Street,22,1847,,Federal,,Courthouse Square Historic District,39.16741919,-86.53334618,"Ranking as the oldest building on the square, this building has housed several hotel businesses including the Phillips(1878), the Walnut Street(1883), the Faulkner(1887), and the Bundy (1898). Earlier it was owned by Aquilla Rogers, a scion of one of the founding families of Bloomington."
coll049,coll023,0223.png,image/png,Image;StillImage,,,,,Commercial building,[no title],108 East 6th Street,23,1915,,Mission Style (Spanish Colonial Revival style),,Courthouse Square Historic District,39.16737556,-86.53311873,"An interesting interpretation of the Spanish Colonial Revival style, this building’s details are couched in the Arts and Crafts movement of the early twentieth century. The ornamental vigas, exposed rafters and shaped parapet wall are interesting features in a commercial structure."
coll050,coll023,0224.png,image/png,Image;StillImage,,,,,Commercial building,"Old Odd Fellows
Building",200-202 North Walnut Street,24,1892,,Italianate (architectural style),,Courthouse Square Historic District,39.16776523,-86.53336343,"This housed one of the many grocery stores located on the square at the turn of the century. It was also the second location of the Odd Fellows fraternal organization, after starting in the Fee building and before its move to Kirkwood. The construction date of 1892 is located in the parapet of the pressed metal cornice."
coll051,coll023,0225.png,image/png,Image;StillImage,,,,,Theatre building,Princess Theatre,206 North Walnut Street,25,1892,1923,,John Nichols,Courthouse Square Historic District,39.16791038,-86.5332947,"Built as an office building, the first use of this space was the Monroe County State Bank. In 1913, Robert Harris converted its use to a theatre, of which, only the foyer and entry remain. In 1923, John Nichols redesigned its remarkable glaze polychrome facade and it remains Monroe County’s only example of terra cotta."
coll052,coll023,0226.png,image/png,Image;StillImage,,,,,Commercial building,Faris Market,208 North Walnut Street,26,1895,,Italianate (architectural style),,Courthouse Square Historic District,39.16799748,-86.53330264,"The oldest continually operating grocery in Monroe County occupies this building. The interior space looks much as it would have in the nineteenth century, with high pressed tin ceilings, diagonal wood floors and stocked shelves lining the walls. The Italianate brick building has a rusticated limestone first floor façade and a pressed tin cornice."
coll053,,0300_combined.pdf,compound_object,Text,en,City of Bloomington,Division of Historic Preservation and Archaeology,North Washington Historic District tour,Tour Brochure,A Walk Through the North Washington Historic District,,,2017,,,,,,,
coll054,coll053,0301.png,image/png,Image;StillImage,,,,,House,Showers-Myers House,321 North Washington Street,1,1900,,Dutch Colonial Revival ,,North Washington Historic District,39.16930736,-86.53259742,"This house was built by J.D. Showers for his daughter Maude and her husband, Dr. Burton D. Myers, an early dean of the Indiana University medical school. The house is an eclectic combination of Colonial Revival and other styles. Note the Dutch Colonial gambrel roof, the pillars, the dentil moldings, the limestone corner towers, the leaded and beveled windows in the entry, the torch-shaped keystone in the arch of the upper balcony, and the Palladian windows. The tile roof was custom fired at the Bloomfield brick works. The house is pictured here in a ca. 1930s photograph."
coll055,coll053,0302.png,image/png,Image;StillImage,,,,,Apartment building,"Washington Terrace
Apartments",316 North Washington Street,2,1929,,Colonial Revival (American style),Ross and George Caldwell,North Washington Historic District,39.16934059,-86.53195584,"Located on the southeast corner of Eighth and Washington, the Washington Terrace Apartments are housed in a limestone building with wood trim designed by architects Ross and George Caldwell of Indianapolis. Elements of the Colonial Revival style can be seen in the palladian window that tops the entrance. The shutters feature a variety of cutout designs, including half-moons, circles and triangles."
coll056,coll053,0303.png,image/png,Image;StillImage,,,,,House,Belden House,203 East 8th Street,3,1870,1900,Queen Anne Revival,,North Washington Historic District,39.16963616,-86.53213739,"This wood frame Italianate style house appears to be earlier than most other houses in the area. The decorative wood trim and the Washington Street side bay were added in a remodeling about 1900, when it apparently became a two-family house. The Belden family lived in this house for many years."
coll057,coll053,0304.png,image/png,Image;StillImage,,,,,House,[no title],418 North Washington Street,4,1900,,Neoclassical,John Nichols,North Washington Historic District,39.16995522,-86.53211251,"The beveled corners of this house reveal Queen Anne stylistic influence, but its prevailing symmetry and trim mark it as predominantly Classical Revival. Notice the cornice returns. This house is #245 in John Nichols’ Catalogue of Artistic Designs which includes a photograph of it in its Bloomington location showing the Seward property to the north and a vacant lot to the south."
coll058,coll053,0305.png,image/png,Image;StillImage,,,,,Bungalow,Dr. Harris House,411 North Washington Street,5,1915,,Craftsman (style),,North Washington Historic District,39.16992657,-86.5325854,"This ca. 1930 photograph shows the original appearance of this large sprawling Craftsman style bungalow. Many projecting gables with knee braces, multi-paned sash and battered porch posts were typical of the style. This Arts and Crafts style home’s first resident was a bookkeeper for a stone company. The second resident, Dr. Walter W. Harris, was a prominent Monroe County physician with ties to Ellettsville. His funeral brought together the Borlands, Batmans, Hollands and Dillon Geiger from the medical community. After Harris’s widow left, their home became a rooming house housing the increasing influx of students."
coll059,coll053,0306.png,image/png,Image;StillImage,,,,,House,Showers-Bridwell House,419 North Washington Street,6,1890,,Queen Anne Revival,,North Washington Historic District,39.17012777,-86.53265211,"William Showers built this Queen Anne-style structure about 1891. In 1920, Showers sold the house to the Bridwells, who one owned a dry goods store on Tenth Street and also the Tapp and Bridwell grain mill on the west side. Notice the siting on the hill, the seven gables, and the Queen Anne chimney. The steammoldings and gingerbread are recently restored."
coll060,coll053,0307.png,image/png,Image;StillImage,,,,,House,Showers-Allen House,427 North Washington Street,7,1890,,Free Classic Queen Anne style,,North Washington Historic District,39.17036279,-86.53262327,"This wood frame, Free Classic house was occupied by Lela Showers, the young window of J.D. Showers’ son, Charles. By 1907 the house was occupied by the family of Frank Allen, who was the nephew of J.D. Showers’ wife, Belle Allen Showers. The porch features simple columns supporting the porch roof, which is sparsely decorated with geometric woodwork designs."
coll061,coll053,0308.png,image/png,Image;StillImage,,,,,House,Seward House,420 North Washington Street,8,1890,,Queen Anne Revival,,North Washington Historic District,39.17009648,-86.53208391,"This is a charming 1890s cottage, occupied originally by the Cravens publishing family and then for many years by a member of the Seward family, one of the oldest manufacturing companies in Indiana. Notice the Queen Anne beveled corners, the little tower and the Gothic style gable on the front porch. The alternate use of curved and geometric shingles creates an interesting variety of textures on the front gables."
coll062,coll053,0309.png,image/png,Image;StillImage,,,,,House,Showers-Graham House,430 North Washington Street,9,1905,,Free Classic Queen Anne style,,North Washington Historic District,39.17035243,-86.5320417,"The Showers-Graham house is an early example of the Free Classic style in Bloomington and is an outstanding resource in this district. Careful restoration and painting highlight the two-story Corinthiam style columns and the carved garland trim. The rear area was landscaped as a formal walled garden. Originally the home of Edward Showers, it was later occupied by Robert Graham, two of the most important business men in early 20th century Bloomington."
coll063,coll053,0310.png,image/png,Image;StillImage,,,,,House,Showers-Fields House,502 North Washington Street,10,1890,,Queen Anne Revival,,North Washington Historic District,39.17061606,-86.53205364,"This Queen Anne house was owned until the turn of the century by W.N. Showers; then it was purchased by the Fields family, members of whom lived there for many years. This home has artificial siding, but the Queen Anne details, shown in this ca. 1930s photograph, can still be seen."
coll064,coll053,0311.png,image/png,Image;StillImage,,,,,House,Maude Showers House,501 North Washington Street,11,1890,,Queen Anne Revival,,North Washington Historic District,39.17060857,-86.53261897,"This Queen Anne house was owned at the turn of the century by Maude E. Showers, daughter of J.D. Showers. The ornamentation under the eaves and at the gable on the north side of the house is elaborate but sparingly placed."
coll065,coll053,0312.png,image/png,Image;StillImage,,,,,House,Demaree House,509 North Washington Street,12,1890,,Free Classic Queen Anne style,,North Washington Historic District,39.17079877,-86.53257271,This Queen Anne house was owned and occupied by the Demaree family from 1892 until the mid 1900s. Only the bracketed wood lintels remain from the original design.
coll066,coll053,0313.png,image/png,Image;StillImage,,,,,House,"Showers-Teter-
Barrett House",508 North Washington Street,13,1895,,Queen Anne Revival,,North Washington Historic District,39.17079052,-86.53206064,"William Showers deeded 508 and 514 North Washington to his two daughters, Nellie and Jennie. This house was given to Nellie, the wife of Sanford Teter. Although both houses have been altered in the rear, the floor plans were originally identical."
coll067,coll053,0314.png,image/png,Image;StillImage,,,,,House,"Showers-Smith-
Matthews House",514 North Washington Street,14,1895,,Queen Anne Revival,,North Washington Historic District,39.17099529,-86.53202282,"This house belonged to Jennie Showers Smith until 1913 when it was sold to Addie Matthews, the widow of quarry owner and state senator W.N. Matthews. Note the similarity to Nellie Showers’ home next door. The diamond and fish scale shingle work are identical. Only the front porch differentiates them, this house having a rounded porch, the other having a squared one."
coll068,coll053,0315.png,image/png,Image;StillImage,,,,,House,Showers-Freese House,522 North Washington Street,15,1895,,Queen Anne Revival,,North Washington Historic District,39.17117731,-86.5320246,"This house was built between 1891 and 1898 by the Showers brothers, and was rented from the turn of the century until the First World War by the Freese family. The color scheme highlights such architectural details as the unusual shingle pattern."
coll069,coll053,0316.png,image/png,Image;StillImage,,,,,House,[no title],515 North Washington Street,16,1890,,Queen Anne Revival,,North Washington Historic District,39.17099603,-86.53261281,"This Queen Anne style house was owned by the Showers brothers in 1892, but was soon sold. The Walnut Street Church trustees owned it from 1892-1898. Note the similarity of the shingle work to that of other houses on the block. The limestone porch with its square stone columns contrasts with the many wooden porches in the area."
coll070,coll053,0317.png,image/png,Image;StillImage,,,,,House,Edwards House,521 North Washington Street,17,1890,,Queen Anne Revival,,North Washington Historic District,39.17118964,-86.53261043,"This house was owned and occupied by the Edwards family from 1893 to about 1930. Notice the typical elements of the Queen Anne style. “gingerbread” on the gables, patterns of shingle and clapboard siding, an asymmetrical layout. These combine with the classical influence of the porch columns and railing."
coll071,coll053,0318.png,image/png,Image;StillImage,,,,,House,Strain House,527 North Washington Street,18,1900,,Free Classic Queen Anne style,,North Washington Historic District,39.17137089,-86.53259655,"This was the residence of Dr. Homer Strain, an early Bloomington dentist. It retains some Queen Anne influence in the beveled corners and bays, but reveals elements of the Free Classic style in its columns, trim and diamond-paned sash."
coll072,coll053,0319.png,image/png,Image;StillImage,,,,,Gabled-ell,Batman-Brown House,526 North Washington Street,19,1890,,Queen Anne Revival,,North Washington Historic District,39.17135253,-86.53204638,"Originally built by the Batman family, this sprawling one story frame house, in the Queen Anne cottage style, became the residence of chemistry professor and researcher Oliver Brown. Note the dentil molding, the charming attic ventilator, and the importance of the roof in the design."
coll073,coll053,0320.png,image/png,Image;StillImage,,,,,House,Bunger House,528 North Washington Street,20,1900,,Free Classic Queen Anne style,,North Washington Historic District,39.17153029,-86.53206961,"Situated on the corner of 10th and North Washington Streets, this Free Classic style house once had a large wrap-around porch. The same early photograph also shows the original globed street lights with a fluted base."
coll074,coll053,0321.png,image/png,Image;StillImage,,,,,House,Morgan House,532 North Walnut Street,21,1892,,Queen Anne Revival,,North Washington Historic District,39.17155354,-86.53327003,"This house is an outstanding example of Queen Anne style in wood frame construction, with inventive use of different siding materials, carved designs, and elaborate chimneys. This large Victorian structure, was built from plans published in a catalogue by a Chicago architectural firm. The exterior of the building was restored by Bloomington Restorations, Inc, in 1981; the interior was completed by the purchaser of the property."
coll075,coll053,0322.png,image/png,Image;StillImage,,,,,House,Teter House,528 North Walnut Street,22,1913,,Georgian Revival ,"Lowe and
Bollenbacher",North Washington Historic District,39.17134518,-86.53323096,"Chicago architects Lowe and Bollenbacher designed this house in 1913 for Sanford Teter, an officer of the Showers Brothers Furniture Company, and for his wife Nellie Showers Teter, who became the first female trustee of Indiana University. Note the dark headers and light stretchers in the brickwork of this Georgian Revival style house. The dormer windows are arched, and the guttering has been built into the eaves. John Carlyle Bollenbacher had roots in Bloomington having once lived at 645 North College in a large federal style white house that still stands."
coll076,coll053,0323.png,image/png,Image;StillImage,,,,,House,Buskirk-Showers House,520 North Walnut Street,23,1897,,Queen Anne Revival,,North Washington Historic District,39.17111805,-86.53318704,"This Queen Anne style house was built for Philip Buskirk, president of the First National Bank and president of the Empire Stone Company. A later owner, William Graham, apparently exchanged houses with William Showers. The exterior has been altered little since Buskirk built it. Note the floral carvings on the stone chimney and porch. The house is decorated with relief floral garlands in tinwork above the porch and windows."
coll077,,0400_combined.pdf,compound_object,Text,en,City of Bloomington,Division of Historic Preservation and Archaeology,Prospect Hill Historic District tour,Tour Brochure,A Walk Through the Prospect Hill Historic District,,,2017,,,,,,,"The neighborhood now known as Prospect Hill developed at the southwest corner of the original City Plat, which terminated at Third and Jackson Streets. Prospect Hill Addition was platted and annexed to the city on June 7, 1893. It was laid out on a rounded hill with South Rogers, Fairview, Third Street and Smith Avenue as its borders. The McPheeters Addition, which encompasses the eastern edge of the district, was platted and annexed in 1888. Later additions that moved west towards Walker Street were developed by J.D. and W.S. Showers. In the early days, from 1895 until 1910, the Southside Stone Company (later the Henly Stone Company) operated north of Second Street across from the hospital, which was established in an old brick farmhouse in 1905.

The Paris Dunning House, at the end of Third Street, anchors the neighborhood with its refined early Greek Revival and Federal style. It was the home of Prospect Hill’s most famous resident, Governor Paris Dunning. The brick house at 213 South Rogers is also thought to have been built around the same time, in the 1840-50s, and may be the oldest house in Bloomington. Another striking early property is the Gothic Revival farm house at 308 South Maple, built in 1860. The former home of Judge James Hughes, it was once called the “Prospect Property” and contained over 16 acres including the land that now forms blocks of housing on Fairview and Jackson Streets. A rural character remains in the neighborhood, with several small barns and an existing home adapted from a chicken house. Many of the smaller homes were built with decorative wooden porches that were later replaced with brick or limestone.

The Rogers Street neighborhood was developed as a prestigious upper middle class area bordered by workers’ cottages on the east, north, and later, west. It represents the only area developed as a professional residential neighborhood on the west side of town. The larger neighborhood was bordered on the west by the Monon Pond, once used as the city fairgrounds, the City graveyard (now Rose Hill Cemetery) and on the east by the levy. The levy famously housed Bloomington’s roistering saloons, houses of ill-repute and gambling venues.

The architecture of the Prospect Hill National Register District illustrates various “high styles” popular between 1890 and 1925, a time of growing affluence in Bloomington. Queen Anne, Free Classic and Period Revival style houses, some designed by prolific Bloomington architect John Nichols, are present. One small octagonal house on Rogers is a replica of Nichols’ studio, which was built and still stands on North College. Regionally important architects, Crapsey and Lamm, designed the home of Bloomington’s early druggist at 332 South Rogers. There are also several examples of vernacular style houses, two mid-nineteenth century houses with Greek Revival and Federal details, bungalows and American four-squares of the 1920s, including a splendid brick example of a Sears Catalogue home called “the Alhambra”.

This diverse group is a microcosm of Bloomington’s overall residential history. Several groceries, similar to the small brick storefront at 4th and Rogers, were once located throughout the neighborhood.

The Burns Grocery was one of eight stores in the city owned by Roy Burns. These tiny, full service and accessible venues were later replaced by the “supermarkets” of the 1950s.

By the 1960s the neighborhood had fallen into disrepair and the grandness of the houses along Rogers Street was lost in shabby siding and cobbled up rental units. Today that devastation is almost unimaginable. Prospect Hill’s story would be incomplete without including the efforts of Wilbert (Bill) Sturbaum, Rosemary Miller, the City of Bloomington, and Bloomington Restorations, Inc. (BRI) Between 1968 and 2005, Bill Sturbaum serially purchased and restored seven buildings in a single block. He saved four others by assuring their ownership to interested preservationists. Rosemary Miller championed the cause of the dilapidated Paris Dunning House in 1985, obtaining money for its restoration. The Prospect Hill Historic District was listed on the National Register of Historic Places in March 1991. Within the year, district residents were also successful in establishing Bloomington’ first locally designated historic district. Prospect Hill continues to prove its leadership in community planning issues, by adopting one of the first neighborhood plans in 2005. In 2008 the larger part of the neighborhood became Bloomington’s second Conservation District. New construction must follow guidelines established by the existing context. Several City grants have assisted in the restoration of scattered WPA limestone sidewalks that enhance the historic environment and make Prospect Hill such a notable place. More information on Prospect Hill and a copy of the National Register nomination is available in the Indiana Room of the Monroe County Public Library.

Financial support for this publication was provided by the Department of Housing and Neighborhood Development.This brochure was first published in 1988 and has gone through three editions. It was originally funded through a grant from the Indiana Division of Historic Preservation and Archaeology.

Research by Glenda Murray, Willbert Sturbaum, and Nancy Hiestand. Archival Photographs are courtesy of the William H. Mathers Museum. Design assistance by Ellen M. Campbell."
coll078,coll077,0401.png,image/png,Image;StillImage,,,,,House,Harry F. Rogers House,346 South Rogers Street,1,1906,,Elizabethan Revival,,Prospect Hill Historic District,39.16304406,-86.53889663,"Harry Rogers operated a threshing machine for hire until switching to automotive repair. In 1926, he founded the Bloomington Garage at 6th and Madison, which is now a coop food market. The house is a unique example of the Elizabethan Revival style built in 1906. This house reflects the variety of styles that became popular nationwide following the Philadelphia Centennial Exposition in 1876. Note the classical porch columns and the use of stucco."
coll079,coll077,0402.png,image/png,Image;StillImage,,,,,Bungalow,Buchanan House,344 South Rogers Street,2,1906,,,,Prospect Hill Historic District,39.16322958,-86.53891445,"This bungalow was built by Mr. Buchanan, a local blacksmith who had a shop on Madison Street. Inside, there is lovely pecan surface molding and the floors are diagonally laid hardwood. The form, with the pyramidal roof extending over the porch, is called a western bungalow."
coll080,coll077,0403.png,image/png,Image;StillImage,,,,,House,Sare House,334 South Rogers Street,3,1906,,Dutch Colonial Revival,,Prospect Hill Historic District,39.16342684,-86.53891951,"Thomas Sare, a local lawyer, built this Dutch Colonial Revival house. It has a large bay window, Palladian windows and a gambrel roof. Its floor plan is a variation of one found in John Nichols’ catalog, indicating that he may have designed this house."
coll081,coll077,0404.png,image/png,Image;StillImage,,,,,House,Wiles House,332 South Rogers Street,4,1895,,Free Classic Queen Anne style,Crapsey and Lamm,Prospect Hill Historic District,39.16363744,-86.53891704,"This Free Classic style house was designed by architects Crapsey and Lamm for Wood and Anna Wiles. Mr. Wiles was the proprietor of Wiles Drug Store, a long time presence on the east side of the square. Notice the unusual diagonal wood siding on the front and sides and the classical garlands and wreaths. The garage once housed the family horse and surrey."
coll082,coll077,0405.png,image/png,Image;StillImage,,,,,House,Fulwider House,325 South Rogers Street,5,1895,,Queen Anne Revival,,Prospect Hill Historic District,39.16385437,-86.53841811,"Built by the Fulwiders, who owned a lumberyard on Madison Street, this is a two-story Queen Anne with a gabled roof, several side porches and bay windows. The interior has been carefully restored and features a lovely cherry staircase and a parquet floor in the entry."
coll083,coll077,0406.png,image/png,Image;StillImage,,,,,House,[no title],316 South Rogers Street,6,1895,,Queen Anne Revival,John Nichols,Prospect Hill Historic District,39.1640905,-86.53895145,"Architect John Nichols designed this Queen Anne style house for Mr. and Mrs. Ira Dillman. It has double front gables, a steeply pitched roof and various textures on the facade. Stained glass decorates the front window and others around the porch. An original barn can still be found in the back yard."
coll084,coll077,0407.png,image/png,Image;StillImage,,,,,House,[no title],310 South Rogers Street,7,1906,,Free Classic Queen Anne style,John Nichols,Prospect Hill Historic District,39.16424371,-86.53890842,John Nichols designed this quasi-elliptical house with diamond-paned windows for Narrie and David Stewart. The Free Classic style is evident in the pedimented front porch and dentiled frieze. The floor plan is similar to Nichols’ own house at 820 North College Avenue.
coll085,coll077,0408.png,image/png,Image;StillImage,,,,,House,[no title],304 South Rogers Street,8,1897,,Free Classic Queen Anne style,John Nichols,Prospect Hill Historic District,39.16443901,-86.53890166,"Designed by John Nichols for William Fogg in the Free Classic style, the house retains many original features, inside and out. Notice the wraparound porch with Doric columns."
coll086,coll077,0409.png,image/png,Image;StillImage,,,,,Commercial building,Frosted Foods Building,213 South Rogers Street,9,1930,,,,West Side Historic District,39.16502937,-86.5383398,"In 1995 the rehabilitation of this old sheet metal factory surprised everyone when it created a versatile community focal point. Prospect Hill would be a different place entirely without this distinctive building with its quirky grade, bowstring truss roof and steel ventilator windows. Since its rehabilitation it has been adapted as a furniture store, an upscale wine bar and a private school."
coll087,coll077,0410.png,image/png,Image;StillImage,,,,,Central-passage house,[no title],218 South Rogers Street,10,1840,,,,Prospect Hill Historic District,39.16492076,-86.53892953,This is one of Bloomington’s earliest buildings. An underground creek flows on the south side of the house and a tombstone is rumored to be used as part of the foundation. Governor Paris Dunning signed the original deed after the property was purchased at a sheriff’s sale. Several frame additions have been made to the rear of this brick house; the iron railings and roof of the front porch are also alterations to the original structure. This house is a traditional house type known as a Central Passage.
coll088,coll077,0411.png,image/png,Image;StillImage,,,,,Bungalow,[no title],511 West 3rd Street,11,1914,,Craftsman (style),,Prospect Hill Historic District,39.16444337,-86.53920082,The stucco and pebble finish on the front gable of this classic example of a California Bungalow adds individuality to the design.
coll089,coll077,0412.png,image/png,Image;StillImage,,,,,House,Mickey Burke House,515 West 3rd Street,12,1906,,Free Classic Queen Anne style,,Prospect Hill Historic District,39.16439234,-86.5393798,"This Free Classic style house was built for Mickey Burke, a conductor on the Monon Railroad. He and his wife had one child and lived in the house until Mr. Burke died in the late 1950s. This house is distinctive for its clipped gables."
coll090,coll077,0413.png,image/png,Image;StillImage,,,,,Carpenter builder house,[no title],516 West 3rd Street,13,1900,1936,,,Prospect Hill Historic District,39.16484915,-86.53946997,"This is the newest house built in the Prospect Hill Historic District. The distinctive iron fence was made by Austin Seward, an early Bloomington blacksmith and businessman, who is rumored to have made the fish weathervane on the Courthouse dome. The fence is not original to the site."
coll091,coll077,0414.png,image/png,Image;StillImage,,,,,Bungalow,[no title],525 West 3rd Street,14,1903,,,,Prospect Hill Historic District,39.16438325,-86.53970297,Bay windows and stained glass add charm to this modified bungalow. The interior has been remodeled and substantial modifications have been made to the rear of the house. The house was built by lumberman Jessie Fulwider. He deeded it to his wife in 1923 for the consideration of “love and affection.”
coll092,coll077,0415.png,image/png,Image;StillImage,,,,,House,Tinker’s Mansion,317 South Jackson Street,15,1900,,Second Empire,,Prospect Hill Historic District,39.16406648,-86.53966383,"The outstanding feature of this turn-of-the-century house is the extraordinary mansard roof. The house was built by Al Hayes, a tinsmith, who applied the decorative pressed metal sheets and baroque window heads. A narrow veranda wraps around three sides of the house. In the rear is a small, separate building constructed in the 1920s to isolate and provide fresh-air therapy for a family member who suffered from tuberculosis."
coll093,coll077,0416.png,image/png,Image;StillImage,,,,,Kit house,[no title],610 West 3rd Street,16,1920,,Mission Style (Spanish Colonial Revival style),,Prospect Hill Historic District,39.16442782,-86.54020064,"The basic American Foursquare form is embellished here with Mission Revival style parapets and is built of brown brick with limestone trim. The design is identical to the “Alhambra,” a house kit available from Sears, Roebuck and Company in the 1920s. Notice the matching garage at the rear. The house “Already Cut” cost $3134.00 and this included “a built-in ironing board, concealed by a panel door.” The sun room had two sets of french doors and a window seat. Light and ventilation were a priority in more urban areas and became a marketing tool through Sears and Roebuck advertising copy."
coll094,coll077,0417.png,image/png,Image;StillImage,,,,,House,"Governor Paris
Dunning House",608 West 3rd Street,17,1845,,Federal; Greek Revival,,Prospect Hill Historic District,39.16464114,-86.54025566,"This elegant early brick building combines elements of the Federal and Greek Revival styles. The house was individually listed on the National Register of Historic Places and completely restored in the 1980s. The house was built around 1845, and owned for some years by Paris Dunning, who served as an Indiana state representative and senator, president of the state senate, lieutenant governor and governor. He was also president of Indiana University’s board of trustees."
coll095,coll077,0418.png,image/png,Image;StillImage,,,,,Saddlebag,[no title],"521 West 4th
Street",18,1898,,Queen Anne Revival,,Steele-Dunning Historic District,39.16546966,-86.53973602,"Once a very common form, the double pen is represented by at least four examples in Prospect Hill. This Fourth Street house is a saddlebag form with the two rooms placed on either side of a central chimney. There are three double pen houses that show evidence of being moved to their current locations in Prospect Hill. This is a very early vernacular form that is difficult to date with any precision. This cottage illustrates Queen Anne style."
coll096,coll077,0419.png,image/png,Image;StillImage,,,,,Pyramidal cottage,[no title],613 West 4th Street,19,1910,,Free Classic Queen Anne style,,Steele-Dunning Historic District,39.16546829,-86.54052706,"This is one of a row of three nearly identical T-Plan cottages with Free Classic styling. These homes were built by the Henry Steele family (later owners of the Dunning property) as speculative housing. Two are duplexes. Using complex massing, pedimented gables and Tuscan columns, the buildings retain their residential character."
coll097,coll077,0420.png,image/png,Image;StillImage,,,,,Pyramidal cottage,[no title],620 West 4th Street,20,1904,,Free Classic Queen Anne style,,Steele-Dunning Historic District,39.16585318,-86.54074296,This pyramidal cottage with a chamfered bay window and a wrap-around porch was literally resurrected from ruins. Its restoration catalyzed an interest in this part of Prospect Hill. The house was later added to the National Register of Historic Places as part of the Steele-Dunning District in 2000.
coll098,coll077,0421.png,image/png,Image;StillImage,,,,,Gabled-ell,Neal House,731 West 3rd Street,21,1890,,Queen Anne Revival,,Prospect Hill Historic District,39.16418424,-86.54207938,"A perfect jewel box of Queen Anne details on a vernacular gabled ell house, this corner property has unique wooden bracketed awnings and a mansard porch roof. The exuberant carpenter’s details in the siding and the shadow box gable ornament make this house notable."
coll099,coll077,0422.png,image/png,Image;StillImage,,,,,House,Hughes-Branum House,308 South Maple Street,22,1860,,Gothic Revival,,Prospect Hill Historic District,39.16401018,-86.54251268,"Originally on almost 20 acres, this early house was owned by Judge John Hughes. The land was later developed by the Showers Brothers, who subdivided in 1893. The house is one of very few remaining properties in Bloomington in the Gothic Revival style with the decorative verges intact."
coll100,coll077,0423.png,image/png,Image;StillImage,,,,,Gabled-ell,Brummett House,312 South Euclid Avenue,23,1895,,Queen Anne Revival,,Prospect Hill Historic District,39.16402906,-86.54353042,"This house is named for its longest tenant, Christopher Brummett, who was a carpenter by trade. The house illustrates classic Queen Anne style on a modest house form. The corbeled window hoods and fish scale shingling are typical of larger houses on North Washington Street, but relatively rare in the west side."
coll101,coll077,0424.png,image/png,Image;StillImage,,,,,Shotgun house,[no title],518 West Howe Street,24,1900,,,,Prospect Hill Historic District,39.16258065,-86.54054527,"The shotgun form is another early vernacular house type, similar to the double pen in its perennial adaptability. The shotgun was indigenous to the the south during the late nineteenth century. In Bloomington several of these homes survive in working class neighborhoods on the west side. The house is one room wide and at least two deep. There are many theories about the genesis of this house form. Some consider it associated with Haitian immigrants, others think it is simply a hall and parlor turned sideways on a narrow urban lot."
coll102,,0500_combined.pdf,compound_object,Text,en,City of Bloomington,Division of Historic Preservation and Archaeology,Vinegar Hill Limestone Historic District tour,Tour Brochure,A Walk Through the Vinegar Hill Limestone Historic District,,,2017,,,,,,,"The Indiana limestone industry began with the arrival of John Matthews, an English stonecutter, in the 1850s. His small surface quarry in Ellettsville grew and by 1873, John Matthews & Sons Steam Works had installed four gang saws—to cut stone into blocks— and the first channeling machine, a revolutionary method for quarrying and transporting cut stone. By 1907, there were seventeen limestone mills and quarries within the city limits of Bloomington, with many more located elsewhere in Monroe County.

The Matthews business and many like it flourished during the late 1800s, the product of several influences. Limestone was in demand for the rebuilding of Chicago following the fire of 1871. At the same time, many architects, such as Richard Morris Hunt, were commissioned to replicate the styles of old Europe—Greek Revival and Beaux Arts—and ordered Indiana limestone to build grand houses like “The Breakers” in Newport, RI; “The Biltmore” in Asheville, NC; and the Frick Mansion in New York City.

The limestone industry saw its greatest growth and prosperity between World War I and the Great Depression. Often quarry workers found prominence as they rose to the management of large companies, founded their own firms, or became known for their artistic skills.

Also during the late 1800s Indiana Seminary, founded in 1825, became Indiana University. It relocated to Dunn’s Woods, the heart of the current campus, and construction of numerous buildings was begun. Swain Hall was completed in 1910 and further expansion continued during the 1920s and 1930s with construction of Rawles Hall, Memorial Hall, Merrill Hall and Myers Hall. The predominantly Gothic Revival style of the Indiana University campus lent itself well to the use of limestone, with elaborate architectural and decorative carvings found throughout these earlier buildings.

The hill east of downtown Bloomington that was to become known as “Vinegar Hill” began as several out lots on which an orchard was located. But its close proximity to the growing university campus provided ideal residential development potential. Construction of Elm Heights School was completed in 1926, and that same year the first home in Vinegar Hill was also built. It was the smell of rotting fruit from the abandoned orchards that was to give the neighborhood its name.

The prominence of the neighborhood is reflected in those who built homes here. Dominant names in the limestone industry with residences on the summit of the hill included Irvin S. Matthews and Albert T. Hoadley, both from industry founding families, and Kenneth Cline and David Wylie, owners of Bloomington Limestone Company. Master stone carvers also built here, although further down the hill, and included Domenick Mazzullo, Joseph Anthony, and Chris and Harry Donato. Prominent Bloomington business owners who built here included John Humphreys, a car dealer; Glen Woodward, owner of Woodward Insurance Company; and W. Earl and Mabel Sullivan, owners of a men’s clothing store. Many significant Indiana University professors and researchers also lived in the neighborhood including Alfred C. Kinsey, director of the university’s Institute for Sex Research, now the Kinsey Institute; Nobel Prize winner Herman J. Muller; B. Winfred Merrill, founder and first dean of the IU School of Music; and, Henry Radford Hope, namesake of the IU School of Fine Arts.

The early architecture of Vinegar Hill reflects several period revivals, predominantly Tudor and Colonial Revival, with Greek Revival, French Provincial, Spanish Colonial, Italian Renaissance, and Art Deco also present. Many homes are highly decorated with carvings, sculpture and architectural yard features, usually designed or carved by the master stone carvers who built the residences. Another distinctive feature of the architecture reflects the growing popularity of the automobile— inclusion of a garage in most home designs. While some have detached rear garages, a relatively high number of homes have a garage tucked beneath the rear of the house. Not only did this prevent the front facade from being compromised, the garage structures often supported outdoor living spaces. This further emphasized use of the rear yards as an extension of the architecture.

While later periods of construction are present in Vinegar Hill, little visible change is evident in the neighborhood. The trees have matured but most of the homes look much as they did when constructed. And while the names of homeowners have changed, they continue to reflect the businesses and professional practices of Bloomington, or the Indiana University faculty and staff. The historic district was listed on the National Register of Historic Places in 2005.

Vinegar Hill Walking Tour

In Appreciation:

Research for this project was originally funded in part by a Department of the Interior grant administered by the Division of Historic Preservation and Archaeology, Indiana Department of Natural Resources. More recent research for this project was also funded by a grant from the same agency.

Financial support for this publication was provided by the Department of Housing and Neighborhood Development, City of Bloomington.

Assistance was provided by Danielle Bachant-Bell, Nancy Hiestand, Joanne Stuttgen, and Dot Spore. Historic photographs were provided by Indiana University’s William H. Mathers Museum photographic archive, the Shaw East and Shaw Starkes Collections.

The houses shown here are representative and are not intended to be an exhaustive list of historic resources in the district. Please respect the privacy of the owners by viewing all listed buildings from the street.
"
coll103,coll102,0501.png,image/png,Image;StillImage,,,,,House,Mazzullo House,1002 East 1st Street,1,1935,,Spanish Colonial Revival,,Vinegar Hill Historic District,39.1590923,-86.52245239,"This home was built by Domenick and Concetta Mazzullo as their residence. Domenick immigrated to the United States from Sicily in 1903. In Bloomington he had a stone carving partnership with Joseph Anthony, who also built a home on First Street. Mazzullo’s house retains the most intact personal folk art environment in the neighborhood. Carved relief decorations and gargoyle drains decorate the house, while numerous limestone artifacts are found throughout the yard. The Mazzullos also constructed the brick-clad Foursquare duplex to the north at 715-717 South Woodlawn. The couple moved into unit 717 after its completion in 1939. The limestone porch again highlights Domenick’s carving talents."
coll104,coll102,0502.png,image/png,Image;StillImage,,,,,Bungalow,Franzman House,1014 East 1st Street,2,1926,,Craftsman (style),,Vinegar Hill Historic District,39.1591315,-86.52191535,"Identified as the Vallejo model by Lewis Manufacturing Company, this Craftsman bungalow was the first house built in Vinegar Hill and is a catalog home. The battered columns are distinctively limestone. William J. Franzman, mill superintendent at both Bloomington Limestone Corporation and Monon Stone Company, lived here with his wife, Grace, until his death in 1954."
coll105,coll102,0503.png,image/png,Image;StillImage,,,,,House,Waldron House,1025 East 1st Street,3,1940,,Art Deco,Chris Donato,Vinegar Hill Historic District,39.15955335,-86.52152669,"This limestone-clad Foursquare house is one of four built by Crescenzo “Chris” Donato as investment property. Although the facade at 1010 East First lacks carved decoration, those at 1019 and 1111 East First are nearly identical to this property in their Art Deco styling. Charles and Cecile Waldron purchased this house soon after its construction and lived here until the late 1960s. A native of Bloomington, Charles was a local attorney who received his law degree from Indiana University. His widow, Cecile, donated over $500,000 for the John Waldron Arts Center, named for Charles’ grandfather."
coll106,coll102,0504.png,image/png,Image;StillImage,,,,,House,"Crescenzo Donato
House",1107 East 1st Street,4,1938,,Renaissance Revival,Chris Donato,Vinegar Hill Historic District,39.15956896,-86.52132245,"Crescenzo Di Donato built this Tudor Revival style home for himself and his wife, Mary, upon his retirement from the limestone industry. He designed the carved ashlar limestone panels. Chris Donato immigrated to the United States from Rivisondoli, Italy in 1892. He first settled in New York where he and his brother, Harry, were “honor artists” at the Cooper Union School of Art. Around 1910 they were recruited as carvers for the limestone industry and moved to Bedford. Through the 1920s and 30s, Donato owned his own stone cutting mills, including one of the largest in the area, the Heltonville Limestone Corporation. Donato’s retirement was devoted to painting and rebuilding his hometown church destroyed during World War II."
coll107,coll102,0505.png,image/png,Image;StillImage,,,,,House,Harry Donato House,1116 East 1st Street,5,1928,,Spanish Colonial Revival,Harry Donato,Vinegar Hill Historic District,39.15909899,-86.52058387,"This Spanish Colonial Revival style house was built by Harry Donato for himself and his wife, Christina. The Palladian window is the focal point of the home’s limestone-clad façade. A birdbath, urn and two planters, along with structural elements, reflect Harry’s craft. After working with his brother Chris, he became an independent stone carver. Harry and Christina lived here until 1945, and unfortunately he died suddenly in 1947. Immediately to the east is the Feltus House at 1120 East First. The Colonial Revival style home was constructed in 1926 by siblings, Harry and Gertrude Feltus. This prominent Bloomington family also included brother Paul, who owned the Bloomington Star, and brother Roy, owner of the Princess and Harris Grand Theaters."
coll108,coll102,0506.png,image/png,Image;StillImage,,,,,House,"Bruner-Townsend
House",1123 East 1st Street,6,1933,,Spanish Colonial Revival,,Vinegar Hill Historic District,39.15955046,-86.520012,"This Spanish Colonial Revival style home was built by Fred and Adlin Bruner as their home. Its rusticated limestone block construction is accented with ashlar quioned corners. It also features arched window and door openings, a barrel-tile roof, a copper-roofed balcony and a portico with carved stone columns on the east side. The attached garage indicates the growing importance of the automobile. Born Jean Marie Ferdinand Bruner in Bischwiller, France, Fred was a local stone carver who eventually co-owned the F.B. Harris Cut Stone Company. He sold the home in 1935 to Charles B. and Lula Townsend who owned C.B. Townsend Lumber Company."
coll109,coll102,0507.png,image/png,Image;StillImage,,,,,House,Letsinger-Will House,721 South Ballantine Road,7,1937,,Tudor Revival,Burns and James,Vinegar Hill Historic District,39.1594733,-86.51882438,"Burns and James Architects of Indianapolis designed this Tudor Revival style home for Reed Letsinger, an attorney, cattleman and farmer, and bookkeeper of the Letsinger Coal Company. He sold the house in 1948 to Samuel and Constance Will. Samuel was professor of French and Italian at Indiana University. The one and a half story, cross-gabled house is clad in rusticated limestone and its façade is dominated by a massive stone chimney. The house at 720 South Ballantine, across the street, was built for B. Frank and Johanna Leonard, who owned the New Home Laundry. Later residents included IU basketball coach, Branch McCracken, and quarry owner, Robert Reed."
coll110,coll102,0508.png,image/png,Image;StillImage,,,,,House,"Elliott-Pressler
House",1202 East 1st Street,8,1926,,Tudor Revival,,Vinegar Hill Historic District,39.15904666,-86.51886351,"Frank and Sarah Elliott built this shake-clad Tudor Revival house. In 1921, Frank organized the Indiana University public relations program, forerunner to the News Bureau, and taught advertising in the School of Journalism. He then served as the first Dean of Admissions until his retirement in 1946. Stanley and Dorothy Pressler purchased the house in 1945 and lived here until 1979. Stanley was an IU professor of accounting, nationally recognized as an authority of health care financial management. Dorothy owned Harry Stephens Oldsmobile following the death of her father, Harry Stephens. To the east, across the street is the HumphreysBoerner House at 1213 East First. Constructed in 1938-39 for John and Clora Humphreys, this Georgian plan house displays a French Provincial style in its multiple hipped roof, close eaves and projecting central entrance bay. John was in the automobile business with dealerships in Bloomfield, Washington, Linton and Bloomington until his retirement in 1959. Peter and Nancy Boerner have owned the home since 1975."
coll111,coll102,0509.png,image/png,Image;StillImage,,,,,House,"Matthews-Temple
House",725 South Highland Avenue,9,1927,,Tudor Revival,Alfred Grindle,Vinegar Hill Historic District,39.15955826,-86.51745468,"English-born architect, Alfred Grindle, designed this home for Irvin and Mildred Matthews. Its Tudor Revival style is dominated by the central projecting parapeted entrance portico. The gable end walls are also parapeted and are topped with turned stone finials. The cast iron fence was likely created by Seward Ironworks of Bloomington. Irvin—grandson of John Matthews, the “Father of the Indiana Limestone Industry”- served as supervisor of Matthews family limestone companies and as vice president of the New Home Laundry. John and Roma Temple purchased the house around 1945. A native of English, IN, John operated a drugstore, grocery store, canning factory and real estate office there until moving to Bloomington in 1928. He then opened Bloomington Hardware Company, which is still operated by the Temple family."
coll112,coll102,0510.png,image/png,Image;StillImage,,,,,House,Wylie House,1319 East 1st Street,10,1928,,Tudor Revival,,Vinegar Hill Historic District,39.15956953,-86.51715157,"David G. and Florence Wylie had this Tudor Revival style home constructed in 1928. Born in Scotland in 1888, David was president and treasurer of the Bloomington Limestone Company and secretary-treasurer of the Indiana Calcium Company. He also served as director of the Indiana Chamber of Commerce and as president and director of the Indiana Limestone Institute. The Kenneth and Dorothy Cline house at 1323 East First, and the Glen and Ella Woodward house at 1327 East First were also constructed within a two-year time frame. The Woodward house was designed by architect Alfred Grindle and the similar style of the Wylie and Cline houses suggest they can also be attributed to him. Kenneth Cline was born into the limestone industry and served in various top-level positions at several family companies. This eventually included vice president of Bloomington Limestone Company and ownership of Cline Cut Stone Company at the BLC Cline Mill. Glen Woodward owned Woodward Insurance Company, and served as president of First National Bank, vice president of Citizen’s Bank and Trust Company, and as president of Bloomington Development Corporation."
coll113,coll102,0511.png,image/png,Image;StillImage,,,,,House,Kinsey House,1320 East 1st Street,11,1927,,Tudor Revival,Alfred Kinsey,Vinegar Hill Historic District,39.15893015,-86.51699599,"Alfred C. Kinsey was the internationally renowned director of Indiana University’s Institute for Sex Research, now known as the Kinsey Institute. His controversial work included two best-selling books, Sexual Behavior in the Human Male and Sexual Behavior in the Human Female. Alfred designed this house for him and his wife, Clara, and their family around a large persimmon tree that unfortunately blew down in 1995. The over burned bricks were purposely laid unevenly, with the mortar oozing out, to achieve an aged appearance appropriate to the naturalized grounds. Alfred cultivated day lilies and iris in his garden, with up to 250 varieties of iris at one point, and sold the bulbs for a number of years."
coll114,coll102,0512.png,image/png,Image;StillImage,,,,,House,Landis House,710 South Eagleson Avenue,12,1930,,Tudor Revival,,Vinegar Hill Historic District,39.15985968,-86.51673992,"This house may have been designed by Alfred Grindle given its similarities to the Woodward house. Distinctive features of this Tudor Revival style house are the rusticated limestone block facing, central arched entrance, and gabled wall dormers. It was built for Rex D. and Blanche Landis, presumably by Rex’s own contracting firm, Landis and Young. It is believed they were also the contractors of the c. 1930 Tudor Revival style houses at 701 and 719 South Jordan."
coll115,coll102,0513.png,image/png,Image;StillImage,,,,,House,Evens House,727 South Eagleson Avenue,13,1930,,Tudor Revival,,Vinegar Hill Historic District,39.15947503,-86.5161082,"It is believed Landis and Young also constructed this Tudor Revival style house. Although faced with ashlar limestone blocks, the gable and south dormer are half-timbered. A metal owl, symbolizing wisdom, decorates the central chimney. The first owners were Alfred Evens, an IU law professor, and his wife, Kathleen. All told, the family occupied the house for 40 years. The hewn log house at the north end of the property was moved here in 1976 in celebration of the nation’s bicentennial."
coll116,coll102,0514.png,image/png,Image;StillImage,,,,,House,Hoadley-Hope House,800 South Sheridan Drive,14,1938,,Georgian Revival,James D. Foley,Vinegar Hill Historic District,39.15895434,-86.5161618,"This large Colonial Revival style home is quite significant in both its architecture and lineage. It was designed by architect James D. Foley of Indianapolis for Albert T. and Kathryn Hoadley. Of particular note are the 18-foot tall, single piece, limestone columns that support the two-story front pavilion. The Federal style entrance surround is topped with a Palladian-inspired window. Albert was a member of the Hoadley family who owned several limestone operations throughout five generations. In 1945 the house was purchased by Henry Radford Hope and his wife, Sally. A nationally known art critic and historian, Henry established the IU School of Fine Arts, oversaw construction of the Fine Arts Building and Showalter Fountain, and established the IU Art Museum with then IU President Herman B. Wells. Henry and Sally’s impressive art collection, once housed both inside and outside their home, now comprises much of the IU Art Museum’s permanent collection."
coll117,coll102,0515.png,image/png,Image;StillImage,,,,,House,Merrill House,824 South Sheridan Drive,15,1928,,French provincial architecture,Ernest Flagg,Vinegar Hill Historic District,39.15874206,-86.5157122,"Prominent New York architect Ernest Flagg designed this French Provincial Revival style house for B. Winfred Merrill and his wife, Mary. Winfred founded the IU School of Music in 1921 and served as its dean until his retirement in 1938. A friend directed him to an article by Flagg in Collier’s magazine entitled, “Build a House and Save a Third,” which led to the architect’s hire by the Merrills. The house’s design reflects a French farmhouse with a living room at the front, an interior court, and bedrooms to the rear. The exterior walls are Paoli limestone rubble and poured concrete. The paired casement windows are steeply pitched beneath gabled pediments so as to resemble wall dormers. The small tower over the courtyard is topped with a weather vane depicting a replica of Winfred’s violin."
coll118,coll102,0516.png,image/png,Image;StillImage,,,,,House,Sullivan House,837 South Sheridan Drive,16,1929,,Tudor Revival,Ralph W. Miller,Vinegar Hill Historic District,39.15858395,-86.51460136,"W. Earl and Mabel Sullivan, owners of Sullivan’s menswear store in downtown Bloomington, had this home constructed by Hughes Brothers & Company. The Sullivans saw the house at the 1929 Indianapolis Home Builder’s Association Home Show where it was showcased. Designed by architect Ralph W. Miller, this Tudor Revival style house appeared in a 70-year retrospective of the Home Show in the January 1992 Indianapolis Monthly magazine. At least five other copies have reportedly been found, one in Franklin, IN, and four in the Indianapolis area."
coll119,,0600_combined.pdf,compound_object,Text,en,City of Bloomington,Division of Historic Preservation and Archaeology,Cottage Grove Historic District tour,Tour Brochure,A Walk Through the Cottage Grove Historic District,,,2017,,,,,,,"Cottage Grove Avenue runs through this district of turn-of-the-century, vernacular, wood frame cottages and 1920s Craftsman style masonry homes. The builders and residents of these homes belonged to all classes of early twentieth century Bloomington society. Tree-limed streets, some with brick or cut limestone sidewalks and cut limestone retaining walls, add to the historic character of the area.

The southwest quadrant of the area was platted by Daniel Read and others in 1853 as an addition to the city. The oldest houses in the district are located in a remaining segment of the Read Addistion along East tenth and were probably constructed between 1853 and the platting of the Cottage Grove Addition by Ira and Mary Batman in 1896.

The vernacular cottages found along Cottage Grove, North Lincoln, East Eleventh and East Twelfth were home to working class Bloomingtonians. Residents worked at the Showers Brothers Co. furniture factory, on the Monon railroad an at downtown shops, all located within blocks of this district. The Cottage grove Addition was expanded to the north in 1902 and again in 1903, ultimately bounded by Dunn, Tenth, Lincoln and the Illinois Central railroad on the north. Samuel Rhorer platted the Rhorer Subdivision along the west side of Lincoln between Cottage Grove and Eleventh in 1905. Most of the houses in this eastern half of the district were constructed by 1909. These frame cottages are vernacular in style with some Queen Anne and Classical Revival details.

Max Lade, and executive at the Showers Brothers Co., lived with his wife, Martha, in the former Hunter House at 644 North Walnut in the early 1920s. Bloomington architect John Nichols renovated the house for them in 1922, adding a large two-story classical porch. (The house was demolished in the mid-1970’s.) In 1923, the Lades platted a large addition, which encompasses most of the western half of the Cottage Grove district. The majority of houses in the Lades’ Addition were built of masonry in the Craftsman style between 1923 and 1929. Occupants of these brick and limestone houses over the years were professionals and businessmen involved in the limestone industry, local businesses, banking and medicine.

The Craftsman style, championed by the Atlantic coast designer and publisher Gustaf Stickley, was influenced by Medieval architecture and sought to celebrate the honest craftsmanship and basic structure of the home. Characteristic features are wide overhanging eaves with knee braces, exposed roof rafters and trusses, multi-paned upper window sash and pergolas. This versatile style was adapted in wood brick and limestone for bungalows, duplexes and apartment buildings. Sears, Roebuck & Co. offered many house plans and kits in this style, prolific in Bloomington in the 1920s. At least one Sears home was built in this neighborhood.

Additional information on this historic area is available in the Indiana Room of the Monroe County Public Library.

In Appreciation:

Financial support for this publication was provided by the Housing and Neighborhood Development. This brochure was first published in 1988 and has gone through four editions. (Last update 8/2017) It was originally funded through a grant from the Indiana Division of Historic Preservation and Archaeology.

Research and design assistance by William Coulter, Nancy Hiestand, Ellen M. Campbell. Updates and photographs taken by Stacy Hardy. A special thanks to Bethany Emenhiser for her assistance.

"
coll120,coll119,0601.png,image/png,Image;StillImage,,,,,Apartment building,Angelika Apartments,111 East 10th Street,1,1928,,Craftsman (style),,Cottage Grove Conservation District,39.1718595,-86.53308679,
coll121,coll119,0602.png,image/png,Image;StillImage,,,,,Carpenter builder house,[no title],612 North Walnut Street,2,1890,,Queen Anne Revival,,Cottage Grove Conservation District,39.17220949,-86.53334971,
coll122,coll119,0603.png,image/png,Image;StillImage,,,,,Bungalow,[no title],700 North Walnut Street,3,1928,,Craftsman (style),,Cottage Grove Conservation District,39.17267895,-86.53326518,
coll123,coll119,0604.png,image/png,Image;StillImage,,,,,Bungalow,[no title],804 North Walnut Street,4,1924,,Craftsman (style),,Cottage Grove Conservation District,39.17412094,-86.5332724,
coll124,coll119,0605.png,image/png,Image;StillImage,,,,,Bungalow,[no title],201 East 12th Street,5,1924,,Craftsman (style),,Cottage Grove Conservation District,39.17456201,-86.53215738,
coll125,coll119,0606.png,image/png,Image;StillImage,,,,,American Foursquare,[no title],"812-814 North
Washington Street",6,1928,,Craftsman (style),,Cottage Grove Conservation District,39.1740812,-86.53205247,
coll126,coll119,0607.png,image/png,Image;StillImage,,,,,California bungalow,[no title],811 North Washington Street,7,1926,,Craftsman (style),,Cottage Grove Conservation District,39.1739767,-86.53258819,
coll127,coll119,0608.png,image/png,Image;StillImage,,,,,Bungalow,[no title],808 North Washington Street,8,1926,,Craftsman (style),,Cottage Grove Conservation District,39.17382326,-86.53207242,
coll128,coll119,0609.png,image/png,Image;StillImage,,,,,House,[no title],712 North Washington Street,9,1926,,Craftsman (style); Tudor Revival; Mission Style (Spanish Colonial Revival style),,Cottage Grove Conservation District,39.17317702,-86.53202891,
coll129,coll119,0610.png,image/png,Image;StillImage,,,,,House,[no title],706 North Washington Street,10,1930,,Tudor Revival,,Cottage Grove Conservation District,39.17285216,-86.53206815,
coll130,coll119,0611.png,image/png,Image;StillImage,,,,,Bungalow,[no title],213 East Cottage Grove Avenue,11,1926,,Craftsman (style),,Cottage Grove Conservation District,39.17265693,-86.53169137,
coll131,coll119,0612.png,image/png,Image;StillImage,,,,,Bungalow,[no title],622 North Washington Street,12,1905,,Craftsman (style),,Cottage Grove Conservation District,39.17243159,-86.53215966,
coll132,coll119,0613.png,image/png,Image;StillImage,,,,,Bungalow,[no title],612 North Washington Street,13,1928,,Free Classic Queen Anne style; Colonial Revival (American style),,Cottage Grove Conservation District,39.17218588,-86.53215784,
coll133,coll119,0614.png,image/png,Image;StillImage,,,,,American Foursquare,Seward House,615 North Washington Street,14,1922,,Prairie School,,Cottage Grove Conservation District,39.1722267,-86.53260921,
coll134,coll119,0615.png,image/png,Image;StillImage,,,,,House,[no title],611 North Washington Street,15,1928,,Tudor Revival,,Cottage Grove Conservation District,39.17203278,-86.53253985,
coll135,coll119,0616.png,image/png,Image;StillImage,,,,,Hall and parlor house,[no title],217 East 10th Street,16,1860,,Federal,,Cottage Grove Conservation District,39.17185456,-86.53148792,
coll136,coll119,0617.png,image/png,Image;StillImage,,,,,American Foursquare,[no title],610 North Lincoln Street,17,1915,,Craftsman (style),,Cottage Grove Conservation District,39.17206767,-86.53085827,
coll137,coll119,0618.png,image/png,Image;StillImage,,,,,Carpenter builder house,[no title],301 East Cottage Grove Avenue,18a,1905,,,,Cottage Grove Conservation District,39.17276578,-86.53085166,
coll138,coll119,0618.png,image/png,Image;StillImage,,,,,Gabled-ell,[no title],307 East Cottage Grove Avenue,18b,1905,,,,Cottage Grove Conservation District,39.17280569,-86.53069118,
coll139,coll119,0618.png,image/png,Image;StillImage,,,,,Pyramidal cottage,[no title],317 East 10th Street,18c,1905,,,,Cottage Grove Conservation District,39.17187343,-86.53029838,
coll140,coll119,0619.png,image/png,Image;StillImage,,,,,Pyramidal cottage,[no title],711 North Lincoln Street,19,1905,,,,Cottage Grove Conservation District,39.17316385,-86.53125025,
coll141,coll119,0620.png,image/png,Image;StillImage,,,,,Bungalow,[no title],801 North Lincoln Street,20,1905,,Craftsman (style),,Cottage Grove Conservation District,39.17363876,-86.53126612,
coll142,coll119,0621.png,image/png,Image;StillImage,,,,,House,[no title],805 North Lincoln Street,21,1905,,Free Classic Queen Anne style,,Cottage Grove Conservation District,39.17405093,-86.53123137,
coll143,,0700_combined.pdf,compound_object,Text,en,City of Bloomington,Division of Historic Preservation and Archaeology,North Indiana Avenue Historic District tour,Tour Brochure,A Walk Through the North Indiana Avenue Historic District,,,2017,,,,,,,
coll144,coll143,0701.png,image/png,Image;StillImage,,,,,Fraternity house,Sigma Pi House,201 North Indiana Avenue,1,1929,,Tudor Revival,,North Indiana Avenue Historic District,39.16781414,-86.52717315,
coll145,coll143,0702.png,image/png,Image;StillImage,,,,,House,[no title],528 East 7th Street,2,1890,,Queen Anne Revival,,North Indiana Avenue Historic District,39.16835024,-86.52716175,
coll146,coll143,0703.png,image/png,Image;StillImage,,,,,Gabled-ell,[no title],527 East 7th Street,3,1890,,,John L. Nichols,North Indiana Avenue Historic District,39.16871147,-86.52720527,
coll147,coll143,0704.png,image/png,Image;StillImage,,,,,Apartment building,Reed Apartments,307-309 North Indiana Avenue,4,1926,,Colonial Revival (American style),,North Indiana Avenue Historic District,39.16893875,-86.5271837,
coll148,coll143,0705.png,image/png,Image;StillImage,,,,,House,Vermilya Dodds House,317 North Indiana Avenue,5,1905,,Free Classic Queen Anne style,,North Indiana Avenue Historic District,39.16912524,-86.5272477,
coll149,coll143,0706.png,image/png,Image;StillImage,,,,,House,Wylie House,321 North Indiana Avenue,6,1905,,Free Classic Queen Anne style,,North Indiana Avenue Historic District,39.16934852,-86.52722649,
coll150,coll143,0707.png,image/png,Image;StillImage,,,,,Duplex,Regester House,401 North Indiana Avenue,7,1905,,Queen Anne Revival,,North Indiana Avenue Historic District,39.16963718,-86.52723582,
coll151,coll143,0708.png,image/png,Image;StillImage,,,,,House,[no title],405 North Indiana Avenue,8,1905,,Free Classic Queen Anne style,,North Indiana Avenue Historic District,39.16980722,-86.52722613,
coll152,coll143,0709.png,image/png,Image;StillImage,,,,,House,[no title],409 North Indiana Avenue,9,1905,,Dutch Colonial Revival,,North Indiana Avenue Historic District,39.16992904,-86.52726716,
coll153,coll143,0710.png,image/png,Image;StillImage,,,,,House,[no title],417 North Indiana Avenue,10,1905,,Free Classic Queen Anne style,,North Indiana Avenue Historic District,39.17015236,-86.52721715,
coll154,coll143,0711.png,image/png,Image;StillImage,,,,,House,Mathers House,419 North Indiana Avenue,11,1915,,Craftsman (style); Tudor Revival,,North Indiana Avenue Historic District,39.17030069,-86.52719978,
coll155,coll143,0712.png,image/png,Image;StillImage,,,,,School building,Margaret McCalla School,527 East 9th Street; 501 North Indiana Avenue,12,1907,,Federal,John Nichols; Alfred Grindle,North Indiana Avenue Historic District,39.17047639,-86.52738986,
coll156,coll143,0713.png,image/png,Image;StillImage,,,,,Bungalow,[no title],403 North Dunn Street,13,1916,,Craftsman (style),,North Indiana Avenue Historic District,39.16974035,-86.52844763,
coll157,coll143,0714.png,image/png,Image;StillImage,,,,,American Foursquare,[no title],505 East 8th Street,14,1920,,,,North Indiana Avenue Historic District,39.16970043,-86.5280534,
coll158,coll143,0715.png,image/png,Image;StillImage,,,,,American Foursquare,Lindley House,515 East 8th Street,15,1910,,Craftsman (style); Prairie School,,North Indiana Avenue Historic District,39.16970386,-86.52761641,
coll159,coll143,0716.png,image/png,Image;StillImage,,,,,House,Brooks-Henley House,512 East 8th Street,16,1905,,Colonial Revival (American style),,North Indiana Avenue Historic District,39.16910493,-86.52762255,
coll160,coll143,0717.png,image/png,Image;StillImage,,,,,Bungalow,Flora-Henley House,508 East 8th Street,17,1905,,Craftsman (style),,North Indiana Avenue Historic District,39.16932151,-86.52781453,
coll161,coll143,0718.png,image/png,Image;StillImage,,,,,Bungalow,[no title],317 North Dunn Street,18a,1905,,Craftsman (style),,North Indiana Avenue Historic District,39.16924722,-86.52845272,
coll162,coll143,0718.png,image/png,Image;StillImage,,,,,Bungalow,[no title],319 North Dunn Street,18b,1905,,Craftsman (style),,North Indiana Avenue Historic District,39.16933617,-86.52847126,
coll163,coll143,0719.png,image/png,Image;StillImage,,,,,Pyramidal cottage,[no title],314 North Dunn Street,19,1905,,,,North Indiana Avenue Historic District,39.1691191,-86.52806378,
coll164,coll143,0720.png,image/png,Image;StillImage,,,,,Bungalow,[no title],501 East 7th Street,20,1901,,,,North Indiana Avenue Historic District,39.16872926,-86.52809548,
coll165,coll143,0721.png,image/png,Image;StillImage,,,,,American Foursquare,[no title],507-509 East 7th Street,21,1900,,Craftsman (style),,North Indiana Avenue Historic District,39.16871549,-86.52789327,
coll166,coll143,0722.png,image/png,Image;StillImage,,,,,Bungalow,[no title],518 East 7th Street,22,1905,,Craftsman (style),,North Indiana Avenue Historic District,39.16833001,-86.52740163,
coll167,coll143,0723.png,image/png,Image;StillImage,,,,,American Foursquare,[no title],222 North Dunn Street,23,1895,,,,North Indiana Avenue Historic District,39.16835178,-86.52804308,
coll168,coll143,0724.png,image/png,Image;StillImage,,,,,Gabled-ell,Hoagy Carmichael House,214 North Dunn Street,24,1890,,,,North Indiana Avenue Historic District,39.16815338,-86.52806041,
coll169,,0800_combined.pdf,compound_object,Text,en,City of Bloomington,Division of Historic Preservation and Archaeology,University Courts Historic District tour,Tour Brochure,A Walk Through the University Courts Historic District,,,2017,,,,,,,
coll170,coll169,0801.png,image/png,Image;StillImage,,,,,Fraternity house,"Sigma Chi House",601 East 7th Street,1,1906,1953,Georgian Revival ,John L. Nichols,University Courts Historic District,39.16886395,-86.52654797,
coll171,coll169,0802.png,image/png,Image;StillImage,,,,,Church building,University Lutheran Church,607 East 7th Street,2,1932,,Gothic Revival; Tudor Revival,Alfred Grindle,University Courts Historic District,39.16882805,-86.52599413,
coll172,coll169,0803.png,image/png,Image;StillImage,,,,,House,[no title],703 East 7th Street,3,1915,,Craftsman (style),,University Courts Historic District,39.16876033,-86.52555942,
coll173,coll169,0804.png,image/png,Image;StillImage,,,,,Bungalow,Henry Lester Smith House,705 East 7th Street,4,1913,,Mission Style (Spanish Colonial Revival style); Craftsman (style); Tudor Revival,John L. Nichols,University Courts Historic District,39.16874151,-86.52526711,
coll174,coll169,0805.png,image/png,Image;StillImage,,,,,House,Louis Hughes House,715 East 7th Street,5,1929,,Craftsman (style); Tudor Revival,,University Courts Historic District,39.16873213,-86.52503409,
coll175,coll169,0806.png,image/png,Image;StillImage,,,,,House,Thomas Sare House,719 East 7th Street,6,1925,,Mission Style (Spanish Colonial Revival style),John L. Nichols,University Courts Historic District,39.16872231,-86.52482615,
coll176,coll169,0807.png,image/png,Image;StillImage,,,,,House,Stiehm House,825 East 8th Street,7,1922,,Prairie School,Alfred Grindle,University Courts Historic District,39.16970975,-86.52369159,
coll177,coll169,0808.png,image/png,Image;StillImage,,,,,Carpenter builder house,Elizabeth Sage House,812 East 8th Street,8,1922,,,,University Courts Historic District,39.16926348,-86.52406245,
coll178,coll169,0809.png,image/png,Image;StillImage,,,,,Fraternity house,[no title],402 North Park Avenue,9,1920,,Georgian Revival,,University Courts Historic District,39.1697589,-86.52441881,
coll179,coll169,0810.png,image/png,Image;StillImage,,,,,House,[no title],409 North Park Avenue,10,1928,,Tudor Revival,,University Courts Historic District,39.17006274,-86.524939,
coll180,coll169,0811.png,image/png,Image;StillImage,,,,,Duplex,Feltus Duplexes,715-717 East 8th Street,11a,1915,,Craftsman (style),John L. Nichols,University Courts Historic District,39.16972271,-86.52502616,
coll181,coll169,0811.png,image/png,Image;StillImage,,,,,Duplex,Feltus Duplexes,405-407 North Park Avenue,11b,1918,,Craftsman (style),John L. Nichols,University Courts Historic District,39.16988092,-86.52482367,
coll182,coll169,0812.png,image/png,Image;StillImage,,,,,American Foursquare,Bowman Duplexes,718-720 East 8th Street,12,1924,,Craftsman (style),John L. Nichols,University Courts Historic District,39.16926945,-86.52483515,
coll183,coll169,0813.png,image/png,Image;StillImage,,,,,Bungalow,McNutt House,712 East 8th Street,13,1920,,,John L. Nichols,University Courts Historic District,39.16927778,-86.52518773,
coll184,coll169,0814.png,image/png,Image;StillImage,,,,,House,Ward Johnson House,707 East 8th Street,14,1922,,Colonial Revival (American style),John L. Nichols,University Courts Historic District,39.16974287,-86.52543366,
coll185,coll169,0815.png,image/png,Image;StillImage,,,,,Duplex,Schuman Duplexes,622-24 East 8th Street,15a,1915,,Tudor Revival; Craftsman (style),Edwin C. Doeppers,University Courts Historic District,39.16936303,-86.52601561,
coll186,coll169,0815.png,image/png,Image;StillImage,,,,,Duplex,Schuman Duplexes,315-317 North Fess Avenue,15b,1915,,Tudor Revival; Craftsman (style),Edwin C. Doeppers,University Courts Historic District,39.16907635,-86.52599771,
coll187,coll169,0816.png,image/png,Image;StillImage,,,,,Bungalow,Stith Thompson House,406 North Fess Avenue,16,1915,,Craftsman (style),Edwin C. Doeppers,University Courts Historic District,39.16991033,-86.52561133,
coll188,coll169,0817.png,image/png,Image;StillImage,,,,,Duplex,[no title],422 North Fess Avenue,17,1928,,Colonial Revival (American style),,University Courts Historic District,39.17032992,-86.52556952,
coll189,coll169,0818.png,image/png,Image;StillImage,,,,,House,Wicks House,422 North Indiana Avenue,18,1913,,Dutch Colonial Revival,,University Courts Historic District,39.17035589,-86.52665936,
coll190,coll169,0819.png,image/png,Image;StillImage,,,,,House,[no title],504 North Fess Avenue,19a,1917,,Tudor Revival; Colonial Revival (American style),,University Courts Historic District,39.17071177,-86.52552483,
coll191,coll169,0819.png,image/png,Image;StillImage,,,,,House,Book House,506-508 North Fess Avenue,19b,1931,,Tudor Revival; Colonial Revival (American style),,University Courts Historic District,39.17086545,-86.52535601,
coll192,coll169,0819.png,image/png,Image;StillImage,,,,,Duplex,[no title],510-512 North Fess Avenue,19c,1931,,Tudor Revival; Colonial Revival (American style),,University Courts Historic District,39.17096416,-86.5255099,
coll193,coll169,0820.png,image/png,Image;StillImage,,,,,Apartment building,Harlos Court Apartments,509-511 North Fess Avenue,20,1927,,Spanish Colonial Revival,Cecil Harlos,University Courts Historic District,39.17099394,-86.5261027,
coll194,coll169,0821.png,image/png,Image;StillImage,,,,,Duplex,Geiger-Robinson House,514 North Fess Avenue,21,1930,,Tudor Revival,,University Courts Historic District,39.17114547,-86.52545893,
coll195,coll169,0822.png,image/png,Image;StillImage,,,,,House,Hoadley House,513 North Park Avenue,22,1926,,Tudor Revival,,University Courts Historic District,39.1711844,-86.52511324,
coll196,coll169,0823.png,image/png,Image;StillImage,,,,,Bungalow,Ellis Johnson House,501 North Park Avenue,23,1922,,Craftsman (style),,University Courts Historic District,39.17061506,-86.52498071,
coll197,coll169,0824.png,image/png,Image;StillImage,,,,,Sorority house,Kappa Alpha Theta,"441 North Woodlawn
Avenue",24,1934,,Tudor Revival,Burns and James,University Courts Historic District,39.1701504,-86.52385819,
coll198,,0900_combined.pdf,compound_object,Text,en,City of Bloomington,Division of Historic Preservation and Archaeology,Monroe County Courthouse tour,Tour Brochure,A Walk Through the Monroe County Courthouse,,,2002,,,,,,,
coll199,coll198,0901.png,image/png,Image;StillImage,,,,,Monument,Center of Population Stone,100 West Kirkwood Avenue,1,1910,,,,Courthouse Square Historic District,39.16699102,-86.53417779,
coll200,coll198,0902.png,image/png,Image;StillImage,,Henry McIlveen; Josef Graf; George W. Bunting,,,Monument, Civil War Memorial,100 West Kirkwood Avenue,2,1928,,,,Courthouse Square Historic District,39.16699102,-86.53417779,
coll201,coll198,0903.png,image/png,Image;StillImage,,Harry Donato; Ernest M. Viquesney,,,Monument,World War II Memorial,100 West Kirkwood Avenue,3,,,,,Courthouse Square Historic District,39.16699102,-86.53417779,
coll202,coll198,0904.png,image/png,Image;StillImage,,,,,Monument,Korean War Memorial,100 West Kirkwood Avenue,4,1952,,,,Courthouse Square Historic District,39.16699102,-86.53417779,
coll203,coll198,0905.png,image/png,Image;StillImage,,,,,Monument,Vietnam Memorial,100 West Kirkwood Avenue,5,1991,,,,Courthouse Square Historic District,39.16699102,-86.53417779,
coll204,coll198,0906.png,image/png,Image;StillImage,,,,,Monument,"Women’s Christian
Temperance Fountain",100 West Kirkwood Avenue,6,,,,,Courthouse Square Historic District,39.16699102,-86.53417779,
coll205,coll198,0907.png,image/png,Image;StillImage,,Bill Dahman,,,Monument,Peace Memorial,100 West Kirkwood Avenue,7,1978,,,,Courthouse Square Historic District,39.16699102,-86.53417779,
coll206,coll198,0908.png,image/png,Image;StillImage,,,,,Façade,First Floor Carvings,100 West Kirkwood Avenue,8,,,,,Courthouse Square Historic District,39.16699102,-86.53417779,
coll207,coll198,0909.png,image/png,Image;StillImage,,,,,Façade,Second Floor Decoration,100 West Kirkwood Avenue,9,,,Beaux-Arts (style),,Courthouse Square Historic District,39.16699102,-86.53417779,
coll208,coll198,0910.png,image/png,Image;StillImage,,"Albert Molnar, Sr",,,Sculpture,Entrance Sculpture,100 West Kirkwood Avenue,10,,,,,Courthouse Square Historic District,39.16699102,-86.53417779,
coll209,coll198,0911.png,image/png,Image;StillImage,,,,,Dome,Dome,100 West Kirkwood Avenue,11,,,,,Courthouse Square Historic District,39.16699102,-86.53417779,
coll210,coll198,0912.png,image/png,Image;StillImage,,,,,Clock,Clock,100 West Kirkwood Avenue,12,,,,,Courthouse Square Historic District,39.16699102,-86.53417779,
coll211,coll198,0913.png,image/png,Image;StillImage,,Austin Seward,,,Weather vane,Weathervane,100 West Kirkwood Avenue,13,,,,,Courthouse Square Historic District,39.16699102,-86.53417779,
coll212,coll198,0914.png,image/png,Image;StillImage,,,,,Balustrade,Balustrade and Capitals,100 West Kirkwood Avenue,14,,,Egyptian Revival,,Courthouse Square Historic District,39.16699102,-86.53417779,
coll213,coll198,0915.png,image/png,Image;StillImage,,Gustav A. Brand,,,Oil painting,Education (north side),100 West Kirkwood Avenue,15,,,,,Courthouse Square Historic District,39.16699102,-86.53417779,
coll214,coll198,0916.png,image/png,Image;StillImage,,Gustav A. Brand,,,Oil painting,Justice (west side),100 West Kirkwood Avenue,16,,,,,Courthouse Square Historic District,39.16699102,-86.53417779,
coll215,coll198,0917.png,image/png,Image;StillImage,,Gustav A. Brand,,,Oil painting,Agriculture (south side),100 West Kirkwood Avenue,17,,,,,Courthouse Square Historic District,39.16699102,-86.53417779,
coll216,coll198,0918.png,image/png,Image;StillImage,,Gustav A. Brand,,,Oil painting,Stone Industry (east side),100 West Kirkwood Avenue,18,,,,,Courthouse Square Historic District,39.16699102,-86.53417779,
coll217,coll198,0919.png,image/png,Image;StillImage,,,,,Stained-glass window,Stained Glass Window,100 West Kirkwood Avenue,19,,,Craftsman (style),,Courthouse Square Historic District,39.16699102,-86.53417779,
coll218,coll198,0920.png,image/png,Image;StillImage,,,,,Chandelier,Chandelier,100 West Kirkwood Avenue,20,,,,,Courthouse Square Historic District,39.16699102,-86.53417779,
coll219,coll198,0921.png,image/png,Image;StillImage,,Gustav A. Brand,,,Rotunda,Rotunda,100 West Kirkwood Avenue,21,,,Craftsman (style),,Courthouse Square Historic District,39.16699102,-86.53417779,
coll220,coll198,0922.png,image/png,Image;StillImage,,,,,Courtroom,Courtroom,100 West Kirkwood Avenue,22,,,,,Courthouse Square Historic District,39.16699102,-86.53417779,
coll221,,1000_combined.pdf,compound_object,Text,en,City of Bloomington,"Department of Housing and Neighborhood Development, City of Bloomington",McDoel Gardens Neighborhood tour,Tour Brochure,A Walk Through the McDoel Gardens Neighborhood,,,2017,,,,,,,
coll222,coll221,1001.png,image/png,Image;StillImage,,,,,Church building,McDoel Baptist Church,1006 South Rogers Street,1,1925,,Tudor Revival,,McDoel Historic District,39.15602815,-86.53892387,
coll223,coll221,1002.png,image/png,Image;StillImage,,,,,Pyramidal cottage,[no title],1305 South Rogers Street,2,1905,,Queen Anne Revival,,McDoel Historic District,39.15231026,-86.53854049,
coll224,coll221,1003.png,image/png,Image;StillImage,,,,,Bungalow,[no title],1421 South Madison Street,3,1927,,Craftsman (style),,McDoel Historic District,39.15083989,-86.53750156,
coll225,coll221,1004.png,image/png,Image;StillImage,,,,,Bungalow,Hedrick House,414 West Allen Street,4,1920,,Craftsman (style),,McDoel Historic District,39.15576207,-86.53796343,
coll226,coll221,1005.png,image/png,Image;StillImage,,,,,Bungalow,[no title],907 South Madison Street,5,1925,,Craftsman (style),,McDoel Historic District,39.15700994,-86.53722332,
coll227,coll221,1006.png,image/png,Image;StillImage,,,,,Commercial building,Fagan Stone Company,315 West Dodds Street,6,1950,,,,McDoel Historic District,39.15725916,-86.53670158,
coll228,coll221,1007.png,image/png,Image;StillImage,,,,,I-house,Henderson House,748 South Morton Street,7,1830,,Federal,,McDoel Historic District,39.15781091,-86.53655134,
coll229,coll221,1008.png,image/png,Image;StillImage,,,,,Kit house,[no title],401 West Dodds Street,8,1926,,,,McDoel Historic District,39.15736137,-86.53766368,
coll230,coll221,1009.png,image/png,Image;StillImage,,,,,Kit house,[no title],503 West Dodds Street,9,1928,,,,McDoel Historic District,39.15736856,-86.53914338,
coll231,coll221,1010.png,image/png,Image;StillImage,,,,,Bungalow,[no title],602 West Dodds Street,10,1926,,Craftsman (style),,McDoel Historic District,39.15770432,-86.54018844,
coll232,coll221,1011.png,image/png,Image;StillImage,,,,,Bungalow,[no title],708 West Wylie Street,11,1927,,,,McDoel Historic District,39.15860371,-86.54185903,
coll233,coll221,1012.png,image/png,Image;StillImage,,,,,Kit house,[no title],603 West Wylie Street,12,1927,,Craftsman (style),,McDoel Historic District,39.1582473,-86.54020194,
coll234,coll221,1013.png,image/png,Image;StillImage,,,,,Filling station,[no title],807 South Rogers Street,13,1928,,Prairie School,,McDoel Historic District,39.15788301,-86.53847986,
coll235,coll221,1014.png,image/png,Image;StillImage,,,,,Bungalow,The Pope House,908 South Rogers Street,14,1925,,Craftsman (style),,McDoel Historic District,39.15723883,-86.53897424,
coll236,coll221,1015.png,image/png,Image;StillImage,,,,,Bungalow,[no title],920 South Rogers Street,15,1926,,Craftsman (style),,McDoel Historic District,39.15669408,-86.5390022,
coll237,coll221,1016.png,image/png,Image;StillImage,,,,,Kit house,[no title],504 West Dixie Street,16,1926,,,,McDoel Historic District,39.15674376,-86.53935958,
coll238,coll221,1017.png,image/png,Image;StillImage,,,,,Kit house,[no title],710 West Dixie Street,17,1930,,Craftsman (style),,McDoel Historic District,39.15678824,-86.541541,
coll239,coll221,1018.png,image/png,Image;StillImage,,,,,Kit house,[no title],607 West Allen Street,18,1930,,Craftsman (style),,McDoel Historic District,39.15549205,-86.54056695,
coll240,,1100_combined.pdf,compound_object,Text,en,City of Bloomington,"Department of Housing and Neighborhood Development, City of Bloomington",Showers Brothers Furniture Factory tour,Tour Brochure,A Walk Through the Showers Brothers Furniture Factory,,,2017,,,,,,,
coll241,coll240,1101.png,image/png,Image;StillImage,,,,,Roof,Sawtooth Roof,401 North Morton Street,1,,,,,West Side Historic District,39.17033417,-86.53696377,
coll242,coll240,1102.png,image/png,Image;StillImage,,Brad Goldberg,,,Sculpture,Limestone Sculpture,401 North Morton Street,2,1995,,,,West Side Historic District,39.17033417,-86.53696377,
coll243,coll240,1103.png,image/png,Image;StillImage,,,,,Window, Windows,401 North Morton Street,3,,,,,West Side Historic District,39.17033417,-86.53696377,
coll244,coll240,1104.png,image/png,Image;StillImage,,,,,Door,Doors,401 North Morton Street,4,,,,,West Side Historic District,39.17033417,-86.53696377,
coll245,coll240,1105.png,image/png,Image;StillImage,,,,,Canopy,Canopies,401 North Morton Street,5,,,,,West Side Historic District,39.17033417,-86.53696377,
coll246,coll240,1106.png,image/png,Image;StillImage,,,,,Building addition,1923 Additions,401 North Morton Street,6,1923,,,,West Side Historic District,39.17033417,-86.53696377,
coll247,coll240,1107.png,image/png,Image;StillImage,,,,,Loading dock,Loading Dock,401 North Morton Street,7,,,,,West Side Historic District,39.17033417,-86.53696377,
coll248,coll240,1108.png,image/png,Image;StillImage,,,,,Commercial building,Administration Building,601 North Morton Street,8,,,,,West Side Historic District,39.17182067,-86.5363498,
coll249,coll240,1109.png,image/png,Image;StillImage,,,,,Beam,Construction,401 North Morton Street,9,,,,,West Side Historic District,39.17033417,-86.53696377,
coll250,coll240,1110.png,image/png,Image;StillImage,,,,,Chute,Chutes,401 North Morton Street,10,,,,,West Side Historic District,39.17033417,-86.53696377,
coll251,coll240,1111.png,image/png,Image;StillImage,,,,,Heat pipe,Heating the Factory,401 North Morton Street,11,,,,,West Side Historic District,39.17033417,-86.53696377,
coll252,coll240,1112.png,image/png,Image;StillImage,,,,,Railway station,Railroad Depot,301 North Morton Street,3,1906,,,,West Side Historic District,39.16884538,-86.53632805,
coll253,coll240,1113.png,image/png,Image;StillImage,,,,,Seal,Showers Seal,,13,,,,,West Side Historic District,,,
coll254,coll240,1114.png,image/png,Image;StillImage,,,,,Newsletter,Shop Notes,,14,,,,,West Side Historic District,,,
coll255,coll240,1115.png,image/png,Image;StillImage,,,,,Factory ,Nurre Glass Company,,15,,,,,West Side Historic District,,,
coll256,,1200_combined.pdf,compound_object,Text,en,City of Bloomington,"Department of Housing and Neighborhood Development, City of Bloomington",Rose Hill Cemetery tour,Tour Brochure,A Walk Through the Rose Hill Cemetery,,,2017,,,,,,,
coll257,coll256,1201.png,image/png,Image;StillImage,,,,,Tombstone,"Hon. Paris C. Dunning, 1806-1884",1100 West 4th Street,1,1891,,,,Rose Hill Cemetery,39.16455227,-86.54468732,
coll258,coll256,1202.png,image/png,Image;StillImage,,,,,Tombstone,Whetstone markers,1100 West 4th Street,2,,,,,Rose Hill Cemetery,39.16466991,-86.54477456,
coll259,coll256,1203.png,image/png,Image;StillImage,,,,,Tombstone,"Andrew Ferguson, 1765-1856",1100 West 4th Street,3,1984,,,,Rose Hill Cemetery,39.16480595,-86.54485158,
coll260,coll256,1204.png,image/png,Image;StillImage,,,,,Tombstone,"Dr. David Maxwell, 1786-1854",1100 West 4th Street,4,,,,,Rose Hill Cemetery,39.1649952,-86.54487304,
coll261,coll256,1205.png,image/png,Image;StillImage,,,,,Tombstone,"Andrew Wylie, 1789-1850",1100 West 4th Street,5,,,,,Rose Hill Cemetery,39.16514493,-86.54514394,
coll262,coll256,1206.png,image/png,Image;StillImage,,,,,Tombstone,"John B. Crafton, 1853-1912 aboard the Titantic",1100 West 4th Street,6,,,,,Rose Hill Cemetery,39.16508433,-86.54623803,
coll263,coll256,1207.png,image/png,Image;StillImage,,,,,Monument,Civil War Monument,1100 West 4th Street,7a,1900,,,John L. Nichols,Rose Hill Cemetery,39.16628395,-86.54731163,
coll264,coll256,1207.png,image/png,Image;StillImage,,,,,Monument,WWI Monument,1100 West 4th Street,7b,1923,,,,Rose Hill Cemetery,39.16564742,-86.54720788,
coll265,coll256,1208.png,image/png,Image;StillImage,,,,,Tombstone,Showers Family,1100 West 4th Street,8,,,,,Rose Hill Cemetery,39.16600416,-86.54755522,
coll266,coll256,1209.png,image/png,Image;StillImage,,,,,Tombstone,"Margaret Hemphill McCalla, 1836-1912",1100 West 4th Street,9,,,,,Rose Hill Cemetery,39.1660776,-86.54728907,
coll267,coll256,1210.png,image/png,Image;StillImage,,,,,Mausoleum,Rose Hill Mausoleum,1100 West 4th Street,10,1917,,,Bloomington Mausoleum Company,Rose Hill Cemetery,39.16615199,-86.54675964,
coll268,coll256,1211.png,image/png,Image;StillImage,,,,,Tombstone,"Eithel ""Lefty"" Galloway, 1919-1938",1100 West 4th Street,11,,,,,Rose Hill Cemetery,39.16485112,-86.54817669,
coll269,coll256,1212.png,image/png,Image;StillImage,,,,,Tombstone,"Alfred C. Kinsey, 1894-1956",1100 West 4th Street,12,,,,,Rose Hill Cemetery,39.16533377,-86.54884431,
coll270,coll256,1213.png,image/png,Image;StillImage,,,,,Tombstone,"Hoagland (Hoagy) Howard Carmichael, 1899-1981",1100 West 4th Street,13,,,,,Rose Hill Cemetery,39.16525683,-86.5496292,
coll271,,1300_combined.pdf,compound_object,Text,en,City of Bloomington,"Department of Housing and Neighborhood Development, City of Bloomington",Black History on the Near West Side tour,Tour Brochure,A Walk Through Bloomington's Black History on the Near West Side,,,,,,,,,,
coll272,coll271,1301.png,image/png,Image;StillImage,,,,,Church building,Bethel A.M.E. Church,302 North Rogers Street,1,1921,,Craftsman (style),John L. Nichols,West Side Historic District,39.1687985,-86.5383283,
coll273,coll271,1302.png,image/png,Image;StillImage,,,,,Church building,Second Baptist Church,321 North Rogers Street,2,1913,,Romanesque Revival,Samuel Plato,West Side Historic District,39.1693944,-86.53904914,
coll274,coll271,1303.png,image/png,Image;StillImage,,,,,Carpenter builder house,Henry H. Hammond House,723 West 8th Street,3,1900,,,,West Side Historic District,39.16937047,-86.54203359,
coll275,coll271,1304.png,image/png,Image;StillImage,,,,,Bungalow,Maude Thomas House,919 West 8th Street,4,1920,,Craftsman (style),,West Side Historic District,39.16940402,-86.5440892,
coll276,coll271,1305.png,image/png,Image;StillImage,,,,,House,Oscar Bland House,1014 West 8th Street,5,1990,,,,West Side Historic District,39.16976411,-86.54499473,
coll277,coll271,1306.png,image/png,Image;StillImage,,,,,School building,Banneker School,930 West 7th Street,6,1915,,Beaux-Arts (style),Edwin C. Doeppers,West Side Historic District,39.16894716,-86.54505393,
coll278,coll271,1307.png,image/png,Image;StillImage,,,,,Gabled-ell,Elizabeth Bridgwaters House,925 West 7th Street,7,1909,,,,West Side Historic District,39.16848414,-86.54477118,
coll279,coll271,1308.png,image/png,Image;StillImage,,,,,Church building,Mercy Mission Apostolic Church,217 North Elm Street,8,1960,,,,West Side Historic District,39.168259,-86.54554752,
coll280,coll271,1309.png,image/png,Image;StillImage,,,,,Carpenter builder house,Stone City Masons,1022 West 7th Street,9,1909,,,,West Side Historic District,39.16877846,-86.54639646,
coll281,coll271,1310.png,image/png,Image;StillImage,,,,,Bungalow,O'Bannon House,1026 West 7th Street,10,1927,,Craftsman (style),,West Side Historic District,39.1688273,-86.54687946,
coll282,coll271,1311.png,image/png,Image;StillImage,,,,,Commercial building,"B.G. Pollard Lodge ""The Hole""",1107 West 7th Street,11,1951,1981,,,West Side Historic District,39.16840436,-86.54722977,
coll283,coll271,1312.png,image/png,Image;StillImage,,,,,Tombstone,"George ""The Rabbit"" Shively",1100 West 4th Street,12,2015,,,,West Side Historic District,39.16461836,-86.54745446,
coll284,coll271,1313.png,image/png,Image;StillImage,,,,,Park,Ernest Butler Park,812 West 9th Street,13,,,,,West Side Historic District,39.1712822,-86.54290307,
coll285,coll271,1314.png,image/png,Image;StillImage,,,,,House,Marvin Chandler House,1223 West 11th Street,14,,,,,Pigeon Hill,39.17215676,-86.5496147,
coll286,,1400_combined.pdf,compound_object,Text,en,City of Bloomington,"Department of Housing and Neighborhood Development, City of Bloomington",Bloomington's African American History tour,Tour Brochure,A Walk Through Bloomington's African American History,,,,,,,,,,
coll287,coll286,1401.png,image/png,Image;StillImage,,,,,Commercial building,The Gables,114 South Indiana Avenue,1,1913,,Spanish Colonial Revival,,North Central Bloomington,,,
coll288,coll286,1402.png,image/png,Image;StillImage,,,,,Commercial building,The Black Market,Northeast Corner of Dunn Street and Kirkwood Avenue,2,,,,,North Central Bloomington,,,
coll289,coll286,1403.png,image/png,Image;StillImage,,,,,Fraternity house,Kappa Alpha Psi,425 East Kirkwood Avenue,3,,,,,North Central Bloomington,,,
coll290,coll286,1404.png,image/png,Image;StillImage,,,,,Double pen house,"Samuel Dargan 
House","316 North Grant 
Street",4,1870,,Federal,,Old Northeast Downtown,,,
coll291,coll286,1405.png,image/png,Image;StillImage,,,,,Carpenter builder house, Mays House,418 East 8th Street,5,1905,,,,Old Northeast Downtown,,,
coll292,coll286,1406.png,image/png,Image;StillImage,,,,,House,The Elms,425 North Dunn Street,6,1927,,Colonial Revival (American style),,Old Northeast Downtown,,,
coll293,coll286,1407.png,image/png,Image;StillImage,,,,,Library building,Center School,202 East 6th Street,7,1918,,Beaux-Arts (style),,Old Library Historic District,,,
coll294,coll286,1408.png,image/png,Image;StillImage,,,,,Commercial building,"Mattie Jacobs Fuller
The Allen Building","104 East Kirkwood 
Avenue",8,1907,,Queen Anne Revival; Federal,John L. Nichols,Courthouse Square Historic District,,,
coll295,coll286,1409.png,image/png,Image;StillImage,,,,,Commercial building,Evans Barber Shop,"210 West Kirkwood 
Avenue",9,1925,,,,Courthouse Square Historic District,,,
coll296,coll286,1410.png,image/png,Image;StillImage,,,,,Church building,Bethel A.M.E. Church,302 North Rogers Street,10,1921,,Craftsman (style),John L. Nichols,Bloomington West Side Historic District,39.1687985,-86.5383283,
coll297,coll286,1411.png,image/png,Image;StillImage,,,,,Church building,Second Baptist Church,321 North Rogers Street,11,1913,,Romanesque Revival,Samuel Plato,Bloomington West Side Historic District,39.1693944,-86.53904914,
coll298,coll286,1412.png,image/png,Image;StillImage,,,,,School building,Banneker School,930 West 7th Street,12,1915,,Beaux-Arts (style),Edwin C. Doeppers,Bloomington West Side Historic District,39.16894716,-86.54505393,
coll299,coll286,1413.png,image/png,Image;StillImage,,,,,Commercial building,Pollard Lodge,1107 West 7th Street,12,1951,1981,,,Bloomington West Side Historic District,39.16840436,-86.54722977,
coll300,coll286,1414.png,image/png,Image;StillImage,,,,,House,Blair House,"823 North Maple 
Street",14,1869,,Greek Revival,,Maple Heights Historic District,,,
coll301,,1500_combined.pdf,compound_object,Text,en,City of Bloomington,"Department of Housing and Neighborhood Development, City of Bloomington",Bloomington's Women's History tour,Tour Brochure,A Walk Through Bloomington's Women's History,,,,,,,,,,
coll302,coll301,,image/png,Image;StillImage,,,,,Dormitory,Agnes E. Wells Quad,1021 East 3rd Street,1,1925,,,,Indiana University Campus,39.16476709,-86.51968126,
coll303,coll301,,image/png,Image;StillImage,,,,,School building,Wylie Hall,100 South Woodlawn Avenue,2,1884,,,George W. Bunting,Old Crescent Historic District,39.16650909,-86.52358241,
coll304,coll301,,image/png,Image;StillImage,,,,,Cemetery,Dunn Cemetery,900 East 7th Street,3,1823,,,,Indiana University Campus,39.16706116,-86.52214808,
coll305,coll301,,image/png,Image;StillImage,,,,,Sorority house,Delta Zeta House,730 East 3rd Street,4,1909,,,,Indiana University Campus,39.16385813,-86.52442434,
coll306,coll301,,image/png,Image;StillImage,,,,,House,The Legg House,324 South Henderson Street,5,1848,,Federal; Greek Revival,,South Dunn Street Historic District,39.16353702,-86.52766669,
coll307,coll301,,image/png,Image;StillImage,,,,,Carpenter builder house,[no title],508 East 3rd Street,6,1900,,Queen Anne Revival,,South Dunn Street Historic District,39.16459238,-86.52798124,
coll308,coll301,,image/png,Image;StillImage,,,,,Commercial building,Rachel's Cafe,300 East 3rd Street,7,1922,,,,North Central Bloomington,39.16425372,-86.5308352,
coll309,coll301,,image/png,Image;StillImage,,,,,Commercial building,Middle Way House,318 South Washington Street,8,1924,,Art Deco,,North Central Bloomington,39.1637767,-86.53261001,
coll310,coll301,,image/png,Image;StillImage,,,,,Commercial building,[no title],302 South College Avenue,9,1928,,,,North Central Bloomington,39.16441765,-86.53553823,
coll311,coll301,,image/png,Image;StillImage,,,,,Courthouse,Monroe County Courthouse,100 West Kirkwood Avenue,10,1908,,Beaux-Arts (style),Wing and Mahurin,Courthouse Square Historic District,39.16708136,-86.53434911,
coll312,coll301,,image/png,Image;StillImage,,,,,Commercial building,Graham Plaza,205 North College Avenue,11,1929,,Beaux-Arts (style),,Courthouse Square Historic District,39.16782981,-86.53510605,
coll313,coll301,,image/png,Image;StillImage,,,,,Library building,Monroe County History Center,202 East 6th Street,12,1918,,Beaux-Arts (style),,Old Library Historic District,39.1672078,-86.53197064,
coll314,coll301,,image/png,Image;StillImage,,,,,School building,Monroe County Women's Seminary,301 North College Avenue,13,1833,,,,North Central Bloomington,39.16876486,-86.53531935,
coll315,coll301,,image/png,Image;StillImage,,,,,Factory,Showers Building,401 North Morton Street,14,1910,1923,,,West Side Historic District,39.17033422,-86.53696485,
coll316,coll301,,image/png,Image;StillImage,,,,,I-house,Farmer House Museum,529 North College Avenue,15,1869,,Italianate (architectural style); Gothic Revival,,North Central Bloomington,39.17137425,-86.53511187,